[
  {
    "id": "3babb58d-42a2-47b3-8690-b79001ea5f9a",
    "data": [
      {
        "text": "o que harmoniza com minha cerveja",
        "userDefined": false
      }
    ],
    "isTemplate": false,
    "count": 0,
    "updated": 1513177252
  },
  {
    "id": "b26d101a-f0d0-4df1-b01e-609470f1774a",
    "data": [
      {
        "text": "o que seria bom comer com minha cerveja",
        "userDefined": false
      }
    ],
    "isTemplate": false,
    "count": 0,
    "updated": 1513177252
  },
  {
    "id": "abc6e07e-4464-463e-b80a-bbc1b70f5445",
    "data": [
      {
        "text": "o que beber com minha comida",
        "userDefined": false
      }
    ],
    "isTemplate": false,
    "count": 0,
    "updated": 1513177252
  },
  {
    "id": "c8a0158d-0b9e-4b96-8377-8e593b394ba5",
    "data": [
      {
        "text": "quero harmonizar ",
        "userDefined": false
      },
      {
        "text": "uma",
        "meta": "@sys.ignore",
        "userDefined": false
      },
      {
        "text": " comida",
        "userDefined": false
      }
    ],
    "isTemplate": false,
    "count": 0,
    "updated": 1513177252
  },
  {
    "id": "e3ac4299-da82-4d92-b0be-1c5a66409896",
    "data": [
      {
        "text": "Quero harmonizar ",
        "userDefined": false
      },
      {
        "text": "uma",
        "meta": "@sys.ignore",
        "userDefined": false
      },
      {
        "text": " cerveja",
        "userDefined": false
      }
    ],
    "isTemplate": false,
    "count": 0,
    "updated": 1513177252
  }
]