[
  {
    "id": "89319094-39ce-45c7-85dd-32136f30251e",
    "data": [
      {
        "text": "eu quero saber mais",
        "userDefined": false
      }
    ],
    "isTemplate": false,
    "count": 0
  },
  {
    "id": "e92372e6-9755-43e7-9ced-69f2c4afea0f",
    "data": [
      {
        "text": "quero saber mais sobre harmonização de cerveja",
        "userDefined": false
      }
    ],
    "isTemplate": false,
    "count": 0
  },
  {
    "id": "af735157-a3f5-4c06-9888-e537cd078fc9",
    "data": [
      {
        "text": "tá eu quero saber",
        "userDefined": false
      }
    ],
    "isTemplate": false,
    "count": 0
  },
  {
    "id": "2e455531-1809-46b9-9f03-1618fd2b1c22",
    "data": [
      {
        "text": "o que vc faz",
        "userDefined": false
      }
    ],
    "isTemplate": false,
    "count": 0,
    "updated": 1511787584
  },
  {
    "id": "787d123a-0a86-41cd-baa5-91d8a2769b32",
    "data": [
      {
        "text": "não sei o que falar",
        "userDefined": false
      }
    ],
    "isTemplate": false,
    "count": 0,
    "updated": 1511787584
  },
  {
    "id": "ee228ed1-dca1-4142-903d-072d434ad06e",
    "data": [
      {
        "text": "quero saber",
        "userDefined": false
      }
    ],
    "isTemplate": false,
    "count": 0
  },
  {
    "id": "a735755c-e6af-42cf-95b6-95cc8089cd39",
    "data": [
      {
        "text": "o que que você faz",
        "userDefined": false
      }
    ],
    "isTemplate": false,
    "count": 0
  },
  {
    "id": "04930297-003b-4155-8380-8b255a4939cd",
    "data": [
      {
        "text": "nao sei o que dizer",
        "userDefined": false
      }
    ],
    "isTemplate": false,
    "count": 1
  },
  {
    "id": "81dc8b2c-e3f6-4451-9948-58968e36cead",
    "data": [
      {
        "text": "Quero saber sobre harmonização de cerveja",
        "userDefined": false
      }
    ],
    "isTemplate": false,
    "count": 0
  },
  {
    "id": "135c5e39-f31f-49e0-9760-02acfe7c2982",
    "data": [
      {
        "text": "nada",
        "userDefined": false
      }
    ],
    "isTemplate": false,
    "count": 0
  },
  {
    "id": "2b600b2c-1351-4cce-85e2-9567a25dbc27",
    "data": [
      {
        "text": "perguntar o que",
        "userDefined": false
      }
    ],
    "isTemplate": false,
    "count": 0
  },
  {
    "id": "adecabdb-fed6-4329-b53d-23082941645b",
    "data": [
      {
        "text": "o que perguntar",
        "userDefined": false
      }
    ],
    "isTemplate": false,
    "count": 0,
    "updated": 1511787584
  },
  {
    "id": "2fdf711f-4a38-40e6-8d11-88491e209b39",
    "data": [
      {
        "text": "mando nada",
        "userDefined": false
      }
    ],
    "isTemplate": false,
    "count": 0
  },
  {
    "id": "8ed48620-2673-4727-b9ba-a38ee5fecf11",
    "data": [
      {
        "text": "o que falar",
        "userDefined": false
      }
    ],
    "isTemplate": false,
    "count": 0,
    "updated": 1511787584
  },
  {
    "id": "6746efc3-3f78-42ac-8350-451eb999a1dd",
    "data": [
      {
        "text": "o que você sabe fazer",
        "userDefined": false
      }
    ],
    "isTemplate": false,
    "count": 0,
    "updated": 1511787584
  },
  {
    "id": "7cc6475c-6599-4101-8bc6-6ff8612536c8",
    "data": [
      {
        "text": "o que que você quer que eu diga",
        "userDefined": false
      }
    ],
    "isTemplate": false,
    "count": 0
  }
]