[
  {
    "id": "e11cd46d-8104-4d0f-ab3d-23bbe6553930",
    "data": [
      {
        "text": "Bom demais",
        "userDefined": false
      }
    ],
    "isTemplate": false,
    "count": 0
  },
  {
    "id": "28320ca4-d00a-4ca6-a1f8-e15a75c13a1c",
    "data": [
      {
        "text": "Excelente",
        "userDefined": false
      }
    ],
    "isTemplate": false,
    "count": 0
  },
  {
    "id": "d46c438f-1828-43be-856b-0b7bb09200cf",
    "data": [
      {
        "text": "Parece mesmo",
        "userDefined": false
      }
    ],
    "isTemplate": false,
    "count": 0
  },
  {
    "id": "9f824d9f-66bc-4339-a455-1576ba175e9f",
    "data": [
      {
        "text": "Parece mesmo hein",
        "userDefined": false
      }
    ],
    "isTemplate": false,
    "count": 0
  },
  {
    "id": "24938296-f43b-4441-ae87-e191be6449dc",
    "data": [
      {
        "text": "maravilha",
        "userDefined": false
      }
    ],
    "isTemplate": false,
    "count": 1
  },
  {
    "id": "0bbfd9b7-32fb-4cca-a8f2-dbfae99351e4",
    "data": [
      {
        "text": "parece",
        "userDefined": false
      }
    ],
    "isTemplate": false,
    "count": 1
  },
  {
    "id": "b1421484-ed3f-4efd-b9cf-2bbde3df1c5e",
    "data": [
      {
        "text": "delícia hein?",
        "userDefined": false
      }
    ],
    "isTemplate": false,
    "count": 0
  },
  {
    "id": "6b03007d-7e2b-4c0b-80ab-922db66fe6f9",
    "data": [
      {
        "text": "delícia",
        "userDefined": false
      }
    ],
    "isTemplate": false,
    "count": 0
  },
  {
    "id": "35a5a4c6-ca45-4638-9d61-15ca7108f888",
    "data": [
      {
        "text": "bom",
        "userDefined": false
      }
    ],
    "isTemplate": false,
    "count": 1
  },
  {
    "id": "81542649-8197-4a9e-a512-24b210760930",
    "data": [
      {
        "text": "aí eu quero",
        "userDefined": false
      }
    ],
    "isTemplate": false,
    "count": 1
  },
  {
    "id": "f7fb08f7-4c7c-400d-b96b-063a6c2cf1d1",
    "data": [
      {
        "text": "Interessa",
        "userDefined": false
      }
    ],
    "isTemplate": false,
    "count": 0
  },
  {
    "id": "2688f222-02bf-4930-a2df-534ec43049b0",
    "data": [
      {
        "text": "perfeito",
        "userDefined": false
      }
    ],
    "isTemplate": false,
    "count": 0
  },
  {
    "id": "7ee28f61-c873-4e30-bbff-878d75f8d1ae",
    "data": [
      {
        "text": "valeu",
        "userDefined": false
      }
    ],
    "isTemplate": false,
    "count": 0,
    "updated": 1511466688
  },
  {
    "id": "db7a6154-f31e-41e7-8c7f-22c2c08b3bc5",
    "data": [
      {
        "text": "obrigado",
        "userDefined": false
      }
    ],
    "isTemplate": false,
    "count": 0,
    "updated": 1511466688
  },
  {
    "id": "fec0a226-9b4b-42d9-b24c-737f9755b5b1",
    "data": [
      {
        "text": "pode ser",
        "userDefined": false
      }
    ],
    "isTemplate": false,
    "count": 0
  },
  {
    "id": "d7dd5104-ea0c-4138-a608-a8d30509072c",
    "data": [
      {
        "text": "ok",
        "userDefined": false
      }
    ],
    "isTemplate": false,
    "count": 0,
    "updated": 1511466688
  },
  {
    "id": "9ca437c3-45a7-44f2-8a5d-b0e6f8fd8915",
    "data": [
      {
        "text": "Sim obrigado",
        "userDefined": false
      }
    ],
    "isTemplate": false,
    "count": 0,
    "updated": 1511466688
  },
  {
    "id": "64583182-1ffd-4516-ae92-fcfe3e874efb",
    "data": [
      {
        "text": "legal",
        "userDefined": false
      }
    ],
    "isTemplate": false,
    "count": 1
  },
  {
    "id": "81720745-b484-415a-8aaf-d5542e2c6a85",
    "data": [
      {
        "text": "parece bom",
        "userDefined": false
      }
    ],
    "isTemplate": false,
    "count": 0
  },
  {
    "id": "399ff691-135d-4cb1-b2a6-7c977d1b2751",
    "data": [
      {
        "text": "interesso",
        "userDefined": false
      }
    ],
    "isTemplate": false,
    "count": 0
  },
  {
    "id": "9f812a5f-a78b-4275-a61b-77026f5d27c4",
    "data": [
      {
        "text": "Aí você falou",
        "userDefined": false
      }
    ],
    "isTemplate": false,
    "count": 0
  },
  {
    "id": "b2388fd0-994f-492d-9815-970837bb8896",
    "data": [
      {
        "text": "Sim, interessa",
        "userDefined": false
      }
    ],
    "isTemplate": false,
    "count": 0
  },
  {
    "id": "962f61f3-9f22-45b6-a4a7-4c5ae2941885",
    "data": [
      {
        "text": "sim me interesso",
        "userDefined": false
      }
    ],
    "isTemplate": false,
    "count": 0
  },
  {
    "id": "f96f3b7b-7bc4-4d15-af79-6500ac9bbff6",
    "data": [
      {
        "text": "Curti sim",
        "userDefined": false
      }
    ],
    "isTemplate": false,
    "count": 0
  },
  {
    "id": "2ef69fb6-7727-4a7e-8ed2-1605b43fa1c9",
    "data": [
      {
        "text": "Aí sim",
        "userDefined": false
      }
    ],
    "isTemplate": false,
    "count": 0
  },
  {
    "id": "a001e50f-5480-4739-85b4-11135f899d0c",
    "data": [
      {
        "text": "melhor",
        "userDefined": false
      }
    ],
    "isTemplate": false,
    "count": 0
  },
  {
    "id": "dbfd44c2-893b-4262-bd3f-0f429c7b0001",
    "data": [
      {
        "text": "parece gostoso",
        "userDefined": false
      }
    ],
    "isTemplate": false,
    "count": 1
  },
  {
    "id": "f9e2a8e0-b802-49be-9cc5-611f4da0283f",
    "data": [
      {
        "text": "Gostoso",
        "userDefined": false
      }
    ],
    "isTemplate": false,
    "count": 0
  },
  {
    "id": "027ea602-bb0f-408f-9e01-2114ba393045",
    "data": [
      {
        "text": "beleza",
        "userDefined": false
      }
    ],
    "isTemplate": false,
    "count": 0
  },
  {
    "id": "e84be153-6319-47e2-8ffc-8713c15971c1",
    "data": [
      {
        "text": "muito obrigado",
        "userDefined": false
      }
    ],
    "isTemplate": false,
    "count": 0,
    "updated": 1511466688
  },
  {
    "id": "31e5fba0-b35d-4c80-85f5-e0a8cbc067e5",
    "data": [
      {
        "text": "opa, valeu",
        "userDefined": false
      }
    ],
    "isTemplate": false,
    "count": 1
  },
  {
    "id": "3f1df1fd-714f-4e4a-b147-7fbacc018cb9",
    "data": [
      {
        "text": "curti",
        "userDefined": false
      }
    ],
    "isTemplate": false,
    "count": 0
  },
  {
    "id": "a858938e-345d-46bd-a785-6d249ec56300",
    "data": [
      {
        "text": "Sim",
        "userDefined": false
      }
    ],
    "isTemplate": false,
    "count": 0,
    "updated": 1511466688
  }
]