[
  {
    "id": "49249b3d-3d20-478e-b552-b9ec1a6b8c2c",
    "data": [
      {
        "text": "não sei o que perguntar",
        "userDefined": false
      }
    ],
    "isTemplate": false,
    "count": 0
  },
  {
    "id": "02269fe9-d58a-4e55-a03c-b6ddf618d49e",
    "data": [
      {
        "text": "e aí?",
        "userDefined": false
      }
    ],
    "isTemplate": false,
    "count": 0
  },
  {
    "id": "9a7c6813-585d-4f50-81e6-94ad235f88df",
    "data": [
      {
        "text": "o que eu faço?",
        "userDefined": false
      }
    ],
    "isTemplate": false,
    "count": 0
  },
  {
    "id": "ce10db44-b140-435c-9c6d-8fa991d17e0d",
    "data": [
      {
        "text": "como?",
        "userDefined": false
      }
    ],
    "isTemplate": false,
    "count": 1
  },
  {
    "id": "26d0b0a5-3f51-4e4b-b879-58e7811f60dd",
    "data": [
      {
        "text": "mas eu não sei o que perguntar",
        "userDefined": false
      }
    ],
    "isTemplate": false,
    "count": 0
  },
  {
    "id": "5ee8879d-4901-475b-ad94-51ea670db3d0",
    "data": [
      {
        "text": "Não estou entendendo",
        "userDefined": false
      }
    ],
    "isTemplate": false,
    "count": 0,
    "updated": 1511711106
  },
  {
    "id": "75d4db54-e36b-429f-9f3c-a3b59856bed9",
    "data": [
      {
        "text": "Não entendi",
        "userDefined": false
      }
    ],
    "isTemplate": false,
    "count": 0,
    "updated": 1511711106
  },
  {
    "id": "ddf2c5af-da0b-4ffa-b468-6ee5acb02ca9",
    "data": [
      {
        "text": "mas o que eu falo?",
        "userDefined": false
      }
    ],
    "isTemplate": false,
    "count": 0
  },
  {
    "id": "d5f5aac5-5a47-4538-b415-9c81b291a910",
    "data": [
      {
        "text": "não sei, o que posso mandar?",
        "userDefined": false
      }
    ],
    "isTemplate": false,
    "count": 1
  },
  {
    "id": "4486d4bc-aec2-4757-b214-4a84349e56b7",
    "data": [
      {
        "text": "o que que eu faço?",
        "userDefined": false
      }
    ],
    "isTemplate": false,
    "count": 0
  },
  {
    "id": "e7c6ec90-5dbf-4775-92d0-16d4e8cd6ef9",
    "data": [
      {
        "text": "o que posso dizer?",
        "userDefined": false
      }
    ],
    "isTemplate": false,
    "count": 1
  },
  {
    "id": "621b6140-9e6d-4325-a764-7240ccc58e32",
    "data": [
      {
        "text": "mas eu não sei o que dizer",
        "userDefined": false
      }
    ],
    "isTemplate": false,
    "count": 0
  },
  {
    "id": "13dcfa1e-3e14-4a0f-9414-441bd2320754",
    "data": [
      {
        "text": "o que?",
        "userDefined": false
      }
    ],
    "isTemplate": false,
    "count": 1
  },
  {
    "id": "22e9028c-e879-4505-8106-8fd2ed7a03c3",
    "data": [
      {
        "text": "o que falar?",
        "userDefined": false
      }
    ],
    "isTemplate": false,
    "count": 0
  },
  {
    "id": "cfbb8baa-4917-4ed5-9f92-d739a1851c22",
    "data": [
      {
        "text": "mas eu não sei o que falar",
        "userDefined": false
      }
    ],
    "isTemplate": false,
    "count": 0
  },
  {
    "id": "864b0ca8-68aa-4d66-ac85-c4a579d72f38",
    "data": [
      {
        "text": "o que eu faço aqui?",
        "userDefined": false
      }
    ],
    "isTemplate": false,
    "count": 4
  },
  {
    "id": "682d952c-5d59-419e-bdd2-7d560b376cd4",
    "data": [
      {
        "text": "não sei o que dizer",
        "userDefined": false
      }
    ],
    "isTemplate": false,
    "count": 0
  },
  {
    "id": "a4ae4077-ac00-4a93-adf1-bffa9dbb465d",
    "data": [
      {
        "text": "O que que eu tenho que falar",
        "userDefined": false
      }
    ],
    "isTemplate": false,
    "count": 0,
    "updated": 1511711106
  },
  {
    "id": "1c8e5da8-983e-4a74-a213-337d581b8904",
    "data": [
      {
        "text": "como eu faço?",
        "userDefined": false
      }
    ],
    "isTemplate": false,
    "count": 0
  },
  {
    "id": "e237ad22-448b-445b-956d-0cea68db20f8",
    "data": [
      {
        "text": "que que eu tenho que falar",
        "userDefined": false
      }
    ],
    "isTemplate": false,
    "count": 0,
    "updated": 1511711106
  },
  {
    "id": "b39db8c8-bab7-45f9-b64b-afc79a000344",
    "data": [
      {
        "text": "não sei",
        "userDefined": false
      }
    ],
    "isTemplate": false,
    "count": 0
  },
  {
    "id": "df7e7022-c509-4f68-9184-445939cd89d7",
    "data": [
      {
        "text": "não sei o que mandar",
        "userDefined": false
      }
    ],
    "isTemplate": false,
    "count": 0
  },
  {
    "id": "fb0d0337-fc7a-4c08-be65-5459f88ad3cb",
    "data": [
      {
        "text": "o que posso mandar?",
        "userDefined": false
      }
    ],
    "isTemplate": false,
    "count": 0
  },
  {
    "id": "9c307de9-ec3e-48bc-87b2-94b0e52a344f",
    "data": [
      {
        "text": "Nao sei o que falar então",
        "userDefined": false
      }
    ],
    "isTemplate": false,
    "count": 0
  }
]