[
  {
    "id": "90e88fbb-7086-4bb2-9589-ed3c453c8363",
    "data": [
      {
        "text": "mais clara",
        "userDefined": false
      }
    ],
    "isTemplate": false,
    "count": 0
  },
  {
    "id": "061e51ac-f158-4d7b-a60d-0643c9e6fa5b",
    "data": [
      {
        "text": "menos",
        "userDefined": false
      }
    ],
    "isTemplate": false,
    "count": 0
  },
  {
    "id": "31e34c2c-a1d1-4f41-843a-07f49f5dbd91",
    "data": [
      {
        "text": "clara",
        "userDefined": false
      }
    ],
    "isTemplate": false,
    "count": 0
  },
  {
    "id": "e6749d70-6124-40c9-8283-962e2d585b18",
    "data": [
      {
        "text": "menos escura",
        "userDefined": false
      }
    ],
    "isTemplate": false,
    "count": 0
  }
]