[
  {
    "id": "bbccecc6-4d75-4b5e-84a2-cd47055a256f",
    "data": [
      {
        "text": "qualquer",
        "userDefined": false
      }
    ],
    "isTemplate": false,
    "count": 0
  },
  {
    "id": "8834f1cd-2030-45d9-ab0c-f647f0bcb12d",
    "data": [
      {
        "text": "isto não interessa",
        "userDefined": false
      }
    ],
    "isTemplate": false,
    "count": 1
  },
  {
    "id": "af10885e-37f2-4095-b789-b8a823804824",
    "data": [
      {
        "text": "qualquer ",
        "userDefined": false
      },
      {
        "text": "uma",
        "meta": "@sys.ignore",
        "userDefined": false
      }
    ],
    "isTemplate": false,
    "count": 0
  },
  {
    "id": "b34f73bc-463c-4cea-ade0-4db74573b8fa",
    "data": [
      {
        "text": "de qualquer maneira",
        "userDefined": false
      }
    ],
    "isTemplate": false,
    "count": 0
  },
  {
    "id": "4b8852ee-5ddb-4d90-8869-d36455156e44",
    "data": [
      {
        "text": "tanto faz",
        "userDefined": false
      }
    ],
    "isTemplate": false,
    "count": 0
  }
]