[
  {
    "id": "9817d645-5a4a-41b1-bfba-3b6fb24b3fc5",
    "data": [
      {
        "text": "Vamos, o que você sugere?",
        "userDefined": false
      }
    ],
    "isTemplate": false,
    "count": 0
  },
  {
    "id": "cf127e6a-9ec9-4f26-8af4-d9be38f5482e",
    "data": [
      {
        "text": "me ajuda a escolher",
        "userDefined": false
      }
    ],
    "isTemplate": false,
    "count": 1
  },
  {
    "id": "9c34357d-f7be-4b11-9d00-c7d01f0dc36f",
    "data": [
      {
        "text": "me ajude a escolher ",
        "userDefined": false
      },
      {
        "text": "uma",
        "meta": "@sys.ignore",
        "userDefined": false
      },
      {
        "text": " cerveja",
        "userDefined": false
      }
    ],
    "isTemplate": false,
    "count": 0
  },
  {
    "id": "5a20272f-d3e9-424e-ad7e-558598bae89b",
    "data": [
      {
        "text": "o que devo ",
        "userDefined": false
      },
      {
        "text": "tomar",
        "meta": "@sys.ignore",
        "userDefined": false
      }
    ],
    "isTemplate": false,
    "count": 0
  },
  {
    "id": "6ac8ad40-2efd-4bb1-b36e-2d1c220a5207",
    "data": [
      {
        "text": "me ajude a escolher",
        "userDefined": false
      }
    ],
    "isTemplate": false,
    "count": 0
  },
  {
    "id": "ffc2c3a2-d504-45c9-8f36-8682d0ea4c20",
    "data": [
      {
        "text": "não sei o que beber",
        "userDefined": false
      }
    ],
    "isTemplate": false,
    "count": 0
  },
  {
    "id": "aded785f-0451-4247-bec0-ebb3900a0b18",
    "data": [
      {
        "text": "que cerveja você recomenda",
        "userDefined": false
      }
    ],
    "isTemplate": false,
    "count": 0
  },
  {
    "id": "cb5f76a6-7684-4df2-8047-0144503ccbf8",
    "data": [
      {
        "text": "Ok então me ajuda a escolher",
        "userDefined": false
      }
    ],
    "isTemplate": false,
    "count": 0
  },
  {
    "id": "6ba1140f-be39-4c57-9089-1514aad61e41",
    "data": [
      {
        "text": "que cerveja devo beber",
        "userDefined": false
      }
    ],
    "isTemplate": false,
    "count": 0
  },
  {
    "id": "d38bde31-f4e6-4522-a709-64e64cbc3176",
    "data": [
      {
        "text": "não conheço estilo de cerveja",
        "userDefined": false
      }
    ],
    "isTemplate": false,
    "count": 0
  },
  {
    "id": "6ead7631-c62c-407e-9563-2d6af393155a",
    "data": [
      {
        "text": "Que tipo de cerveja",
        "userDefined": false
      }
    ],
    "isTemplate": false,
    "count": 0
  },
  {
    "id": "e265354a-5278-4a70-90a4-1ca846e76cf3",
    "data": [
      {
        "text": "que cerveja ",
        "userDefined": false
      },
      {
        "text": "tomar",
        "meta": "@sys.ignore",
        "userDefined": false
      }
    ],
    "isTemplate": false,
    "count": 0
  },
  {
    "id": "8e4082a7-9a46-4997-87ab-930f7c09a262",
    "data": [
      {
        "text": "escolhe ",
        "userDefined": false
      },
      {
        "text": "uma",
        "meta": "@sys.ignore",
        "userDefined": false
      },
      {
        "text": " cerveja pra mim",
        "userDefined": false
      }
    ],
    "isTemplate": false,
    "count": 0
  },
  {
    "id": "786254da-248b-4bec-bff1-21ff9d26418e",
    "data": [
      {
        "text": "que cerveja beber",
        "userDefined": false
      }
    ],
    "isTemplate": false,
    "count": 0
  },
  {
    "id": "72fc7273-a31a-408a-b436-91a0e889b4d5",
    "data": [
      {
        "text": "escolhe ",
        "userDefined": false
      },
      {
        "text": "uma",
        "meta": "@sys.ignore",
        "userDefined": false
      },
      {
        "text": " breja pra mim",
        "userDefined": false
      }
    ],
    "isTemplate": false,
    "count": 0
  },
  {
    "id": "df71b6eb-b8ec-4a93-83a2-7e05e6c8202b",
    "data": [
      {
        "text": "escolhe pra mim",
        "userDefined": false
      }
    ],
    "isTemplate": false,
    "count": 1
  }
]