[
  {
    "id": "a66f4094-db30-4b92-91ab-a02fa5811e92",
    "data": [
      {
        "text": "me ajude a escolher ",
        "userDefined": false
      },
      {
        "text": "uma",
        "meta": "@sys.ignore",
        "userDefined": false
      },
      {
        "text": " cerveja ",
        "userDefined": false
      },
      {
        "text": "clara",
        "alias": "color",
        "meta": "@color",
        "userDefined": false
      },
      {
        "text": ", com ",
        "userDefined": false
      },
      {
        "text": "baixo teor alcoólico",
        "alias": "alcoholicVolume",
        "meta": "@alcoholicVolume",
        "userDefined": true
      },
      {
        "text": " e ",
        "userDefined": false
      },
      {
        "text": "menos amarga",
        "alias": "bitterness",
        "meta": "@bitterness",
        "userDefined": false
      }
    ],
    "isTemplate": false,
    "count": 0
  },
  {
    "id": "4321a905-4120-4e32-ab77-99131ef099bf",
    "data": [
      {
        "text": "Quero ",
        "userDefined": false
      },
      {
        "text": "uma",
        "meta": "@sys.ignore",
        "userDefined": false
      },
      {
        "text": " cerveja ",
        "userDefined": false
      },
      {
        "text": "mais amarga",
        "alias": "bitterness",
        "meta": "@bitterness",
        "userDefined": true
      },
      {
        "text": ", ",
        "userDefined": false
      },
      {
        "text": "escura",
        "alias": "color",
        "meta": "@color",
        "userDefined": true
      },
      {
        "text": " e com ",
        "userDefined": false
      },
      {
        "text": "teor alcoólico mais alto",
        "alias": "alcoholicVolume",
        "meta": "@alcoholicVolume",
        "userDefined": true
      }
    ],
    "isTemplate": false,
    "count": 0,
    "updated": 1513774556
  }
]