[
  {
    "id": "fb7056e3-3dc6-4a55-a627-389839bbe22b",
    "data": [
      {
        "text": "mais alcoólica",
        "userDefined": false
      }
    ],
    "isTemplate": false,
    "count": 0
  },
  {
    "id": "d0363ee0-347e-4c26-8fa2-8873a10ba7b3",
    "data": [
      {
        "text": "mais alcool",
        "userDefined": false
      }
    ],
    "isTemplate": false,
    "count": 0
  },
  {
    "id": "7704b21a-a6e5-4983-9688-f200cfcd51ac",
    "data": [
      {
        "text": "mais forte",
        "userDefined": false
      }
    ],
    "isTemplate": false,
    "count": 0
  },
  {
    "id": "d7ac4a01-1612-4403-925d-28318b8742b0",
    "data": [
      {
        "text": "bem alcólica",
        "userDefined": false
      }
    ],
    "isTemplate": false,
    "count": 0
  },
  {
    "id": "2a9556c3-73e2-4a99-8517-7fe17cdb2fe9",
    "data": [
      {
        "text": "mais alcólica",
        "userDefined": false
      }
    ],
    "isTemplate": false,
    "count": 0
  },
  {
    "id": "90f30170-131e-40cc-90fd-7d1f89e4f90f",
    "data": [
      {
        "text": "mais",
        "userDefined": false
      }
    ],
    "isTemplate": false,
    "count": 0,
    "updated": 1513599764
  }
]