[
  {
    "id": "0510d29d-6f3a-42c5-bb18-161c57121c30",
    "data": [
      {
        "text": "vamos",
        "userDefined": false
      }
    ],
    "isTemplate": false,
    "count": 0,
    "updated": 1518113173
  },
  {
    "id": "f3d70821-85c3-486c-a5b7-c1f138141c6f",
    "data": [
      {
        "text": "gosto",
        "userDefined": false
      }
    ],
    "isTemplate": false,
    "count": 0,
    "updated": 1513612939
  },
  {
    "id": "3758bf01-3de1-41f3-ada7-1f2c8796ee69",
    "data": [
      {
        "text": "quero",
        "userDefined": false
      }
    ],
    "isTemplate": false,
    "count": 0,
    "updated": 1513612939
  },
  {
    "id": "b04662de-29ab-4913-948e-68b72110040e",
    "data": [
      {
        "text": "pode ser",
        "userDefined": false
      }
    ],
    "isTemplate": false,
    "count": 0,
    "updated": 1513612939
  },
  {
    "id": "b87e51ed-69ce-4f85-8238-56a82687d136",
    "data": [
      {
        "text": "sim",
        "userDefined": false
      }
    ],
    "isTemplate": false,
    "count": 0,
    "updated": 1513612939
  },
  {
    "id": "adc3109a-456a-47ed-b1c9-da6dc3b92dde",
    "data": [
      {
        "text": "ok",
        "userDefined": false
      }
    ],
    "isTemplate": false,
    "count": 0,
    "updated": 1513612939
  }
]