[
  {
    "id": "e9e3d527-4eb3-4749-b031-d126544ef7eb",
    "data": [
      {
        "text": "amarga claro",
        "userDefined": false
      }
    ],
    "isTemplate": false,
    "count": 0
  },
  {
    "id": "f2031bc2-1fc1-4b79-a2bd-434622242193",
    "data": [
      {
        "text": "amarga",
        "userDefined": false
      }
    ],
    "isTemplate": false,
    "count": 0
  },
  {
    "id": "18ca650f-63bc-478f-97f7-7b728c0ffe1c",
    "data": [
      {
        "text": "quanto mais amarga melhor",
        "userDefined": false
      }
    ],
    "isTemplate": false,
    "count": 0
  },
  {
    "id": "52b9bd82-6740-47c0-b04e-155e70c6c551",
    "data": [
      {
        "text": "mais amaga",
        "userDefined": false
      }
    ],
    "isTemplate": false,
    "count": 0
  },
  {
    "id": "dfe40c27-24e7-4c7d-bdc1-3077691ff148",
    "data": [
      {
        "text": "Mais",
        "userDefined": false
      }
    ],
    "isTemplate": false,
    "count": 0
  }
]