[
  {
    "id": "917054c9-e462-48cb-bab8-d2f6376143d1",
    "data": [
      {
        "text": "Que tipo de cerveja devo tomar com ",
        "userDefined": false
      },
      {
        "text": "lasanha",
        "alias": "comida",
        "meta": "@comida",
        "userDefined": true
      }
    ],
    "isTemplate": false,
    "count": 0
  },
  {
    "id": "84875042-1ea2-46ab-a437-2d36d4be3727",
    "data": [
      {
        "text": "Que tipo de cerveja eu tomo com ",
        "userDefined": false
      },
      {
        "text": "batata Ruffles",
        "alias": "comida",
        "meta": "@comida",
        "userDefined": true
      }
    ],
    "isTemplate": false,
    "count": 0
  },
  {
    "id": "bf42823f-0547-4a8b-b62a-f5733f279f14",
    "data": [
      {
        "text": "carne defumada",
        "alias": "comida",
        "meta": "@comida",
        "userDefined": true
      },
      {
        "text": " fica gostosa com que",
        "userDefined": false
      }
    ],
    "isTemplate": false,
    "count": 0
  },
  {
    "id": "8a0072e7-c19a-4a7d-9f1b-2349862436ec",
    "data": [
      {
        "text": "Que tipo de cerveja devo tomar comendo ",
        "userDefined": false
      },
      {
        "text": "salsichão",
        "alias": "comida",
        "meta": "@comida",
        "userDefined": true
      }
    ],
    "isTemplate": false,
    "count": 0
  },
  {
    "id": "32d05c56-e269-4a4c-b142-ca04ca982413",
    "data": [
      {
        "text": "qual cerveja eu tomo com ",
        "userDefined": false
      },
      {
        "text": "Picanha",
        "alias": "comida",
        "meta": "@comida",
        "userDefined": true
      }
    ],
    "isTemplate": false,
    "count": 0
  },
  {
    "id": "945ab0e1-8bda-4576-84f0-b58d7080ca15",
    "data": [
      {
        "text": "Na verdade eu quero saber o que beber junto com uma ",
        "userDefined": false
      },
      {
        "text": "salada",
        "alias": "comida",
        "meta": "@comida",
        "userDefined": true
      }
    ],
    "isTemplate": false,
    "count": 0
  },
  {
    "id": "db7a2371-2d64-4f2c-bc86-ff93db9db1d4",
    "data": [
      {
        "text": "Qual estilo de cerveja que harmoniza com ",
        "userDefined": false
      },
      {
        "text": "carne assada",
        "alias": "comida",
        "meta": "@comida",
        "userDefined": true
      },
      {
        "text": "?",
        "userDefined": false
      }
    ],
    "isTemplate": false,
    "count": 0
  },
  {
    "id": "d80ae538-f711-46eb-91a9-5c78ea1e0024",
    "data": [
      {
        "text": "Que estilo de cerveja harmoniza com ",
        "userDefined": false
      },
      {
        "text": "carne assada",
        "alias": "comida",
        "meta": "@comida",
        "userDefined": true
      }
    ],
    "isTemplate": false,
    "count": 0
  },
  {
    "id": "27d0c685-b05c-438a-a5f0-9cbc60b9f4a9",
    "data": [
      {
        "text": "Que estilo de cerveja combina com ",
        "userDefined": false
      },
      {
        "text": "carne assada",
        "alias": "comida",
        "meta": "@comida",
        "userDefined": true
      }
    ],
    "isTemplate": false,
    "count": 0
  },
  {
    "id": "c380beb8-9389-4b84-b4f8-7ea4aee6a40a",
    "data": [
      {
        "text": "eu tenho uma ",
        "userDefined": false
      },
      {
        "text": "picanha",
        "alias": "comida",
        "meta": "@comida",
        "userDefined": true
      },
      {
        "text": " e o que que eu bebo com ela",
        "userDefined": false
      }
    ],
    "isTemplate": false,
    "count": 0
  },
  {
    "id": "d63d7e18-c7e7-47e7-b990-f779d2559cee",
    "data": [
      {
        "text": "harmonizar uma ",
        "userDefined": false
      },
      {
        "text": "pizza",
        "alias": "comida",
        "meta": "@comida",
        "userDefined": true
      }
    ],
    "isTemplate": false,
    "count": 0
  },
  {
    "id": "e09889d3-cccb-4642-9b85-830d214a85f7",
    "data": [
      {
        "text": "Ok então vamos harmonizar uma ",
        "userDefined": false
      },
      {
        "text": "pizza calabresa",
        "alias": "comida",
        "meta": "@comida",
        "userDefined": true
      }
    ],
    "isTemplate": false,
    "count": 0
  },
  {
    "id": "bf2b6396-1ef0-4135-bc91-24fedb88c4a0",
    "data": [
      {
        "text": "vamos uma ",
        "userDefined": false
      },
      {
        "text": "feijoada",
        "alias": "comida",
        "meta": "@comida",
        "userDefined": true
      }
    ],
    "isTemplate": false,
    "count": 0
  },
  {
    "id": "0e066696-af3f-4cbf-835d-81ceebc81bed",
    "data": [
      {
        "text": "o que beber com a minha ",
        "userDefined": false
      },
      {
        "text": "picanha",
        "alias": "comida",
        "meta": "@comida",
        "userDefined": true
      }
    ],
    "isTemplate": false,
    "count": 0
  },
  {
    "id": "17d9e0d9-7174-4a36-8f65-62b975809d3e",
    "data": [
      {
        "text": "o que beber enquanto como a minha ",
        "userDefined": false
      },
      {
        "text": "picanha",
        "alias": "comida",
        "meta": "@comida",
        "userDefined": true
      }
    ],
    "isTemplate": false,
    "count": 0
  },
  {
    "id": "78c03274-0328-4798-ad6e-4dd24288801f",
    "data": [
      {
        "text": "sim eu quero saber o que beber com a minha ",
        "userDefined": false
      },
      {
        "text": "picanha",
        "alias": "comida",
        "meta": "@comida",
        "userDefined": true
      }
    ],
    "isTemplate": false,
    "count": 0
  },
  {
    "id": "707cb7b2-38e5-4a96-ac8d-5083fa527f70",
    "data": [
      {
        "text": "O que beber quando comer ",
        "userDefined": false
      },
      {
        "text": "chocolate",
        "alias": "comida",
        "meta": "@comida",
        "userDefined": true
      }
    ],
    "isTemplate": false,
    "count": 0
  },
  {
    "id": "927813b0-1bd6-4f8f-bbe8-6f927db40a59",
    "data": [
      {
        "text": "quero harmonizar uma cerveja com ",
        "userDefined": false
      },
      {
        "text": "salada",
        "alias": "comida",
        "meta": "@comida",
        "userDefined": true
      }
    ],
    "isTemplate": false,
    "count": 0
  },
  {
    "id": "8a1c0796-78bc-41a9-9bae-a1319708dd88",
    "data": [
      {
        "text": "peixe",
        "alias": "comida",
        "meta": "@comida",
        "userDefined": true
      },
      {
        "text": " harmoniza com qual cerveja",
        "userDefined": false
      }
    ],
    "isTemplate": false,
    "count": 0
  },
  {
    "id": "8dc5a768-b8c5-43c0-86e7-0f31e2b0a53d",
    "data": [
      {
        "text": "quero harmonizar um ",
        "userDefined": false
      },
      {
        "text": "peixe",
        "alias": "comida",
        "meta": "@comida",
        "userDefined": true
      }
    ],
    "isTemplate": false,
    "count": 0
  },
  {
    "id": "e0a23ab4-4b99-482b-aeb1-ef8282461d08",
    "data": [
      {
        "text": "preciso de uma cerveja para harmonizar com ",
        "userDefined": false
      },
      {
        "text": "peixe",
        "alias": "comida",
        "meta": "@comida",
        "userDefined": true
      }
    ],
    "isTemplate": false,
    "count": 0
  },
  {
    "id": "3077947f-0e45-4d89-9408-66c149ec0a84",
    "data": [
      {
        "text": "enquanto como um ",
        "userDefined": false
      },
      {
        "text": "peixe",
        "alias": "comida",
        "meta": "@comida",
        "userDefined": true
      },
      {
        "text": " eu posso tomar qual cerveja",
        "userDefined": false
      }
    ],
    "isTemplate": false,
    "count": 0
  },
  {
    "id": "46ea0c41-8100-45ab-93f5-88e2d30269f4",
    "data": [
      {
        "text": "uma cerveja para tomar com ",
        "userDefined": false
      },
      {
        "text": "Picanha",
        "alias": "comida",
        "meta": "@comida",
        "userDefined": true
      }
    ],
    "isTemplate": false,
    "count": 0
  },
  {
    "id": "6569e01b-7902-4c85-a88e-330fe0a176c5",
    "data": [
      {
        "text": "não eu quero uma cerveja para tomar com ",
        "userDefined": false
      },
      {
        "text": "Picanha",
        "alias": "comida",
        "meta": "@comida",
        "userDefined": true
      }
    ],
    "isTemplate": false,
    "count": 0
  },
  {
    "id": "ed4594fb-fcc0-41eb-90a1-c927ff943dda",
    "data": [
      {
        "text": "quero uma cerveja para beber com ",
        "userDefined": false
      },
      {
        "text": "feijoada",
        "alias": "comida",
        "meta": "@comida",
        "userDefined": true
      }
    ],
    "isTemplate": false,
    "count": 0
  },
  {
    "id": "8e641d4e-b617-4f90-8284-c82564c7a97e",
    "data": [
      {
        "text": "vamos Eu quero comer ",
        "userDefined": false
      },
      {
        "text": "feijoada",
        "alias": "comida",
        "meta": "@comida",
        "userDefined": true
      },
      {
        "text": " e o que beber",
        "userDefined": false
      }
    ],
    "isTemplate": false,
    "count": 0
  },
  {
    "id": "0c42e3f1-0e19-453a-bf53-e3c65b157bc0",
    "data": [
      {
        "text": "Sim eu quero uma cerveja para comer com ",
        "userDefined": false
      },
      {
        "text": "feijoada",
        "alias": "comida",
        "meta": "@comida",
        "userDefined": true
      }
    ],
    "isTemplate": false,
    "count": 0
  },
  {
    "id": "6696a828-73f8-4222-ae26-2144ea0e0fe0",
    "data": [
      {
        "text": "qual cerveja ",
        "userDefined": false
      },
      {
        "text": "tomar",
        "meta": "@sys.ignore",
        "userDefined": false
      },
      {
        "text": " com ",
        "userDefined": false
      },
      {
        "text": "um",
        "meta": "@sys.ignore",
        "userDefined": false
      },
      {
        "text": " ",
        "userDefined": false
      },
      {
        "text": "comida",
        "alias": "comida",
        "meta": "@comida",
        "userDefined": true
      }
    ],
    "isTemplate": false,
    "count": 1
  },
  {
    "id": "81dd43b1-fb52-4130-a5b7-a3f97d432321",
    "data": [
      {
        "text": "qual cerveja ",
        "userDefined": false
      },
      {
        "text": "tomar",
        "meta": "@sys.ignore",
        "userDefined": false
      },
      {
        "text": " com ",
        "userDefined": false
      },
      {
        "text": "uma",
        "meta": "@sys.ignore",
        "userDefined": false
      },
      {
        "text": " ",
        "userDefined": false
      },
      {
        "text": "comida",
        "alias": "comida",
        "meta": "@comida",
        "userDefined": true
      }
    ],
    "isTemplate": false,
    "count": 0
  },
  {
    "id": "fa2adbc0-5148-4dbb-aaa0-2ebe3f6cab7c",
    "data": [
      {
        "text": "qual cerveja ",
        "userDefined": false
      },
      {
        "text": "tomar",
        "meta": "@sys.ignore",
        "userDefined": false
      },
      {
        "text": " com ",
        "userDefined": false
      },
      {
        "text": "comida",
        "alias": "comida",
        "meta": "@comida",
        "userDefined": true
      }
    ],
    "isTemplate": false,
    "count": 0
  },
  {
    "id": "f4b8ac59-ef00-4009-a26c-911395240234",
    "data": [
      {
        "text": "qual cerveja beber com ",
        "userDefined": false
      },
      {
        "text": "uma",
        "meta": "@sys.ignore",
        "userDefined": false
      },
      {
        "text": " ",
        "userDefined": false
      },
      {
        "text": "comida",
        "alias": "comida",
        "meta": "@comida",
        "userDefined": true
      }
    ],
    "isTemplate": false,
    "count": 0
  },
  {
    "id": "93e0fcb3-1f91-4844-8eaa-64231e432a1a",
    "data": [
      {
        "text": "quero beber alguma coisa com ",
        "userDefined": false
      },
      {
        "text": "comida",
        "alias": "comida",
        "meta": "@comida",
        "userDefined": true
      }
    ],
    "isTemplate": false,
    "count": 0
  },
  {
    "id": "2bb098df-80aa-4587-90e2-af341830eff0",
    "data": [
      {
        "text": "quero beber algo com ",
        "userDefined": false
      },
      {
        "text": "uma",
        "meta": "@sys.ignore",
        "userDefined": false
      },
      {
        "text": " ",
        "userDefined": false
      },
      {
        "text": "comida",
        "alias": "comida",
        "meta": "@comida",
        "userDefined": true
      }
    ],
    "isTemplate": false,
    "count": 0
  },
  {
    "id": "79b86108-c02d-471b-9b72-41fa17cc9104",
    "data": [
      {
        "text": "quero berber ",
        "userDefined": false
      },
      {
        "text": "uma",
        "meta": "@sys.ignore",
        "userDefined": false
      },
      {
        "text": " coisa com ",
        "userDefined": false
      },
      {
        "text": "um",
        "meta": "@sys.ignore",
        "userDefined": false
      },
      {
        "text": " ",
        "userDefined": false
      },
      {
        "text": "comida",
        "alias": "comida",
        "meta": "@comida",
        "userDefined": true
      }
    ],
    "isTemplate": false,
    "count": 0
  },
  {
    "id": "7052bf1c-6d37-40aa-9ad0-535f413ab1f0",
    "data": [
      {
        "text": "quero beber ",
        "userDefined": false
      },
      {
        "text": "uma",
        "meta": "@sys.ignore",
        "userDefined": false
      },
      {
        "text": " coisa com ",
        "userDefined": false
      },
      {
        "text": "uma",
        "meta": "@sys.ignore",
        "userDefined": false
      },
      {
        "text": " ",
        "userDefined": false
      },
      {
        "text": "comida",
        "alias": "comida",
        "meta": "@comida",
        "userDefined": true
      }
    ],
    "isTemplate": false,
    "count": 0
  },
  {
    "id": "978196de-2234-4e90-9c46-07cf89cabe80",
    "data": [
      {
        "text": "O que harmonizar com ",
        "userDefined": false
      },
      {
        "text": "um",
        "meta": "@sys.ignore",
        "userDefined": false
      },
      {
        "text": " ",
        "userDefined": false
      },
      {
        "text": "comida",
        "alias": "comida",
        "meta": "@comida",
        "userDefined": true
      }
    ],
    "isTemplate": false,
    "count": 0,
    "updated": 1512393535
  },
  {
    "id": "08ce10dc-895d-45ea-98e7-cfb30abba69e",
    "data": [
      {
        "text": "O que harmonizar com ",
        "userDefined": false
      },
      {
        "text": "uma",
        "meta": "@sys.ignore",
        "userDefined": false
      },
      {
        "text": " ",
        "userDefined": false
      },
      {
        "text": "comida",
        "alias": "comida",
        "meta": "@comida",
        "userDefined": true
      }
    ],
    "isTemplate": false,
    "count": 0,
    "updated": 1512393535
  },
  {
    "id": "e583e273-61bd-4414-b5fc-04c1acf8c13a",
    "data": [
      {
        "text": "O que harmonizar com ",
        "userDefined": false
      },
      {
        "text": "comida",
        "alias": "comida",
        "meta": "@comida",
        "userDefined": true
      }
    ],
    "isTemplate": false,
    "count": 0,
    "updated": 1512393535
  },
  {
    "id": "c66aa2dd-1f02-4235-ba0b-71768e1cf0f5",
    "data": [
      {
        "text": "O que ",
        "userDefined": false
      },
      {
        "text": "tomar",
        "meta": "@sys.ignore",
        "userDefined": false
      },
      {
        "text": " com ",
        "userDefined": false
      },
      {
        "text": "um",
        "meta": "@sys.ignore",
        "userDefined": false
      },
      {
        "text": " ",
        "userDefined": false
      },
      {
        "text": "comida",
        "alias": "comida",
        "meta": "@comida",
        "userDefined": true
      }
    ],
    "isTemplate": false,
    "count": 0,
    "updated": 1512393535
  },
  {
    "id": "74d6adbb-33f9-4d9e-88f4-494bf3b5843b",
    "data": [
      {
        "text": "O que ",
        "userDefined": false
      },
      {
        "text": "tomar",
        "meta": "@sys.ignore",
        "userDefined": false
      },
      {
        "text": " com ",
        "userDefined": false
      },
      {
        "text": "uma",
        "meta": "@sys.ignore",
        "userDefined": false
      },
      {
        "text": " ",
        "userDefined": false
      },
      {
        "text": "comida",
        "alias": "comida",
        "meta": "@comida",
        "userDefined": true
      }
    ],
    "isTemplate": false,
    "count": 0,
    "updated": 1512393535
  },
  {
    "id": "e6956a89-3c40-45fb-b6f4-1f17ef9b0076",
    "data": [
      {
        "text": "O que beber com ",
        "userDefined": false
      },
      {
        "text": "um",
        "meta": "@sys.ignore",
        "userDefined": false
      },
      {
        "text": " ",
        "userDefined": false
      },
      {
        "text": "comida",
        "alias": "comida",
        "meta": "@comida",
        "userDefined": true
      }
    ],
    "isTemplate": false,
    "count": 0,
    "updated": 1512393535
  },
  {
    "id": "d5281516-1bdf-417b-a683-5c4dddfb248b",
    "data": [
      {
        "text": "O que beber com ",
        "userDefined": false
      },
      {
        "text": "uma",
        "meta": "@sys.ignore",
        "userDefined": false
      },
      {
        "text": " ",
        "userDefined": false
      },
      {
        "text": "comida",
        "alias": "comida",
        "meta": "@comida",
        "userDefined": true
      }
    ],
    "isTemplate": false,
    "count": 0,
    "updated": 1512393535
  },
  {
    "id": "90fb8556-7de2-4f69-9cc4-19ee51abbbae",
    "data": [
      {
        "text": "O que ",
        "userDefined": false
      },
      {
        "text": "tomar",
        "meta": "@sys.ignore",
        "userDefined": false
      },
      {
        "text": " com ",
        "userDefined": false
      },
      {
        "text": "comida",
        "alias": "comida",
        "meta": "@comida",
        "userDefined": true
      }
    ],
    "isTemplate": false,
    "count": 0,
    "updated": 1512393535
  },
  {
    "id": "d34a346d-6c71-474e-b9b1-ba29b55e2d6a",
    "data": [
      {
        "text": "O que beber com ",
        "userDefined": false
      },
      {
        "text": "comida",
        "alias": "comida",
        "meta": "@comida",
        "userDefined": true
      }
    ],
    "isTemplate": false,
    "count": 0,
    "updated": 1512393535
  },
  {
    "id": "f8bf8ad7-602e-4354-abe8-3ebc316f7982",
    "data": [
      {
        "text": "Quero harmonizar uma ",
        "userDefined": false
      },
      {
        "text": "comida",
        "alias": "comida",
        "meta": "@comida",
        "userDefined": true
      }
    ],
    "isTemplate": false,
    "count": 0,
    "updated": 1512393535
  }
]