[
  {
    "id": "260dea8b-8cf2-4963-be09-8c3567121238",
    "data": [
      {
        "text": "mais clara",
        "userDefined": false
      }
    ],
    "isTemplate": false,
    "count": 0
  },
  {
    "id": "c77c4ce1-f3de-489e-b7bc-f76947626c17",
    "data": [
      {
        "text": "menos",
        "userDefined": false
      }
    ],
    "isTemplate": false,
    "count": 0
  },
  {
    "id": "f015214e-d3cb-4f73-a0f3-8c47c083e2a2",
    "data": [
      {
        "text": "clara",
        "userDefined": false
      }
    ],
    "isTemplate": false,
    "count": 0
  },
  {
    "id": "ab570e7b-e354-4afe-a87e-a1e1d7dba92f",
    "data": [
      {
        "text": "menos escura",
        "userDefined": false
      }
    ],
    "isTemplate": false,
    "count": 0
  }
]