[
  {
    "id": "eeb2e924-1e05-4013-ad5e-662410d38fc0",
    "data": [
      {
        "text": "interesso",
        "userDefined": false
      }
    ],
    "isTemplate": false,
    "count": 0
  },
  {
    "id": "92a7ea4a-d604-4b58-8f6b-c27389cfe3ba",
    "data": [
      {
        "text": "maravilha",
        "userDefined": false
      }
    ],
    "isTemplate": false,
    "count": 1
  },
  {
    "id": "8f66980f-93de-4285-9537-54801f80e20a",
    "data": [
      {
        "text": "Parece mesmo hein",
        "userDefined": false
      }
    ],
    "isTemplate": false,
    "count": 0
  },
  {
    "id": "f9cfe625-404c-4633-a923-1c1cab0fccdd",
    "data": [
      {
        "text": "parece",
        "userDefined": false
      }
    ],
    "isTemplate": false,
    "count": 1
  },
  {
    "id": "ca2a9b66-9c04-4d4e-824c-86c073c28c16",
    "data": [
      {
        "text": "Excelente",
        "userDefined": false
      }
    ],
    "isTemplate": false,
    "count": 0
  },
  {
    "id": "0105724b-4e58-4746-bd6f-aebc6a4cf7dc",
    "data": [
      {
        "text": "bom",
        "userDefined": false
      }
    ],
    "isTemplate": false,
    "count": 1
  },
  {
    "id": "f7534875-8f32-4945-b0ba-fed7742c5afa",
    "data": [
      {
        "text": "beleza",
        "userDefined": false
      }
    ],
    "isTemplate": false,
    "count": 0
  },
  {
    "id": "c9e6b20a-6ee7-44c4-8330-dd44ab113c39",
    "data": [
      {
        "text": "Interessa",
        "userDefined": false
      }
    ],
    "isTemplate": false,
    "count": 0
  },
  {
    "id": "cdd9408f-63d3-476d-93b1-0d95d7c17b61",
    "data": [
      {
        "text": "pode ser",
        "userDefined": false
      }
    ],
    "isTemplate": false,
    "count": 0
  },
  {
    "id": "8078544b-87fd-448e-a287-116d7106a909",
    "data": [
      {
        "text": "parece gostoso",
        "userDefined": false
      }
    ],
    "isTemplate": false,
    "count": 1
  },
  {
    "id": "829e5835-c6e0-452f-b058-cfacc10b0236",
    "data": [
      {
        "text": "opa, valeu",
        "userDefined": false
      }
    ],
    "isTemplate": false,
    "count": 1
  },
  {
    "id": "20a3bc43-7cdc-490b-9b3e-47504b999162",
    "data": [
      {
        "text": "melhor",
        "userDefined": false
      }
    ],
    "isTemplate": false,
    "count": 0
  },
  {
    "id": "c272041e-2181-44db-82a0-ba18d4db5a00",
    "data": [
      {
        "text": "parece bom",
        "userDefined": false
      }
    ],
    "isTemplate": false,
    "count": 0
  },
  {
    "id": "c244d93b-d019-4e67-a86f-cb5ea947381f",
    "data": [
      {
        "text": "Bom demais",
        "userDefined": false
      }
    ],
    "isTemplate": false,
    "count": 0
  },
  {
    "id": "11d28c1f-5ef7-4bc2-bd3d-c377d2e62462",
    "data": [
      {
        "text": "Curti sim",
        "userDefined": false
      }
    ],
    "isTemplate": false,
    "count": 0
  },
  {
    "id": "328735cc-50f0-4a77-9d18-489d302952f7",
    "data": [
      {
        "text": "Sim, interessa",
        "userDefined": false
      }
    ],
    "isTemplate": false,
    "count": 0
  },
  {
    "id": "ca7a4d24-3e0a-4fe7-8aa9-27aa5f0e132f",
    "data": [
      {
        "text": "obrigado",
        "userDefined": false
      }
    ],
    "isTemplate": false,
    "count": 0,
    "updated": 1511466688
  },
  {
    "id": "386c28fa-8104-43f2-ac82-65ad0876b1c1",
    "data": [
      {
        "text": "Aí você falou",
        "userDefined": false
      }
    ],
    "isTemplate": false,
    "count": 0
  },
  {
    "id": "e115ce18-e2e4-4e4f-a1db-6749e540583a",
    "data": [
      {
        "text": "sim me interesso",
        "userDefined": false
      }
    ],
    "isTemplate": false,
    "count": 0
  },
  {
    "id": "1264aeb4-8f15-473a-a797-adc2d9747785",
    "data": [
      {
        "text": "curti",
        "userDefined": false
      }
    ],
    "isTemplate": false,
    "count": 0
  },
  {
    "id": "a762b325-c126-466e-bd26-e077100e7788",
    "data": [
      {
        "text": "valeu",
        "userDefined": false
      }
    ],
    "isTemplate": false,
    "count": 0,
    "updated": 1511466688
  },
  {
    "id": "f8373a8e-da02-41b4-b8d0-5a3f86dd49ce",
    "data": [
      {
        "text": "Parece mesmo",
        "userDefined": false
      }
    ],
    "isTemplate": false,
    "count": 0
  },
  {
    "id": "13369de7-0c07-4186-b14e-b427730e1ee2",
    "data": [
      {
        "text": "Sim obrigado",
        "userDefined": false
      }
    ],
    "isTemplate": false,
    "count": 0,
    "updated": 1511466688
  },
  {
    "id": "6d152bb1-1bbc-4822-bc3b-8f5adab22574",
    "data": [
      {
        "text": "delícia",
        "userDefined": false
      }
    ],
    "isTemplate": false,
    "count": 0
  },
  {
    "id": "c5833f6b-baf6-42ce-861e-11cab60fa2ee",
    "data": [
      {
        "text": "aí eu quero",
        "userDefined": false
      }
    ],
    "isTemplate": false,
    "count": 1
  },
  {
    "id": "964dd3d2-4d61-4e16-bbcc-e7bc20912ca3",
    "data": [
      {
        "text": "ok",
        "userDefined": false
      }
    ],
    "isTemplate": false,
    "count": 0,
    "updated": 1511466688
  },
  {
    "id": "68640c67-cc10-4092-8fe8-133ccc7be752",
    "data": [
      {
        "text": "legal",
        "userDefined": false
      }
    ],
    "isTemplate": false,
    "count": 1
  },
  {
    "id": "1b45af59-d390-41cc-bf5d-be4733ba3a1e",
    "data": [
      {
        "text": "perfeito",
        "userDefined": false
      }
    ],
    "isTemplate": false,
    "count": 0
  },
  {
    "id": "772fd921-0e03-457b-a5e0-f9772b85e288",
    "data": [
      {
        "text": "delícia hein?",
        "userDefined": false
      }
    ],
    "isTemplate": false,
    "count": 0
  },
  {
    "id": "095c94b0-402b-4c88-96e2-d951ec0810a4",
    "data": [
      {
        "text": "Aí sim",
        "userDefined": false
      }
    ],
    "isTemplate": false,
    "count": 0
  },
  {
    "id": "36b9b0a4-2dab-4a40-8a48-de852699012c",
    "data": [
      {
        "text": "vamos",
        "userDefined": false
      }
    ],
    "isTemplate": false,
    "count": 0,
    "updated": 1519138217
  },
  {
    "id": "e4c1f838-75b3-4861-9ce1-4b1a5f3b7af8",
    "data": [
      {
        "text": "Sim",
        "userDefined": false
      }
    ],
    "isTemplate": false,
    "count": 0,
    "updated": 1511466688
  },
  {
    "id": "e49b6b48-9ca4-4e44-b464-7cdcf2ca9274",
    "data": [
      {
        "text": "Gostoso",
        "userDefined": false
      }
    ],
    "isTemplate": false,
    "count": 0
  },
  {
    "id": "1075985b-852c-4eb0-88cb-1abceea83fda",
    "data": [
      {
        "text": "muito obrigado",
        "userDefined": false
      }
    ],
    "isTemplate": false,
    "count": 0,
    "updated": 1511466688
  }
]