[
  {
    "id": "3b70f923-1501-49db-b584-207a13392d66",
    "data": [
      {
        "text": "Bom demais",
        "userDefined": false
      }
    ],
    "isTemplate": false,
    "count": 0
  },
  {
    "id": "0a5029c0-078c-4fda-acf6-2cea41e3f51a",
    "data": [
      {
        "text": "Excelente",
        "userDefined": false
      }
    ],
    "isTemplate": false,
    "count": 0
  },
  {
    "id": "994c48da-684a-4235-ad19-eabbb0f262cc",
    "data": [
      {
        "text": "Parece mesmo",
        "userDefined": false
      }
    ],
    "isTemplate": false,
    "count": 0
  },
  {
    "id": "20a50dde-a558-43e9-9f2d-1b1012c6a7e9",
    "data": [
      {
        "text": "Parece mesmo hein",
        "userDefined": false
      }
    ],
    "isTemplate": false,
    "count": 0
  },
  {
    "id": "e79f4846-aad3-4e0c-b931-ef084f22f7ba",
    "data": [
      {
        "text": "maravilha",
        "userDefined": false
      }
    ],
    "isTemplate": false,
    "count": 1
  },
  {
    "id": "282aed85-d69c-466b-a3cd-9d12d8de38ed",
    "data": [
      {
        "text": "parece",
        "userDefined": false
      }
    ],
    "isTemplate": false,
    "count": 1
  },
  {
    "id": "276b9110-3d51-410f-8d9f-0ef22b66c90e",
    "data": [
      {
        "text": "delícia hein?",
        "userDefined": false
      }
    ],
    "isTemplate": false,
    "count": 0
  },
  {
    "id": "3740a9e7-1315-4cdc-981f-f2e3da0340ae",
    "data": [
      {
        "text": "delícia",
        "userDefined": false
      }
    ],
    "isTemplate": false,
    "count": 0
  },
  {
    "id": "34e98e65-ad15-42a8-854e-79516204ff11",
    "data": [
      {
        "text": "bom",
        "userDefined": false
      }
    ],
    "isTemplate": false,
    "count": 1
  },
  {
    "id": "fd02a2f8-cfc1-4d57-acee-7305e3def633",
    "data": [
      {
        "text": "aí eu quero",
        "userDefined": false
      }
    ],
    "isTemplate": false,
    "count": 1
  },
  {
    "id": "2911f860-7b1e-4c13-8c14-0fa24b7fc631",
    "data": [
      {
        "text": "Interessa",
        "userDefined": false
      }
    ],
    "isTemplate": false,
    "count": 0
  },
  {
    "id": "85c8fbc2-c31d-4896-b85b-932b1e4b1003",
    "data": [
      {
        "text": "perfeito",
        "userDefined": false
      }
    ],
    "isTemplate": false,
    "count": 0
  },
  {
    "id": "874de7de-687d-44c0-a030-deddf65e6cff",
    "data": [
      {
        "text": "valeu",
        "userDefined": false
      }
    ],
    "isTemplate": false,
    "count": 0,
    "updated": 1511466688
  },
  {
    "id": "a322bcdf-c322-45ca-b395-f233a3642ffd",
    "data": [
      {
        "text": "obrigado",
        "userDefined": false
      }
    ],
    "isTemplate": false,
    "count": 0,
    "updated": 1511466688
  },
  {
    "id": "9afb3274-6ab4-49c5-b54e-1231c7abf5a1",
    "data": [
      {
        "text": "pode ser",
        "userDefined": false
      }
    ],
    "isTemplate": false,
    "count": 0
  },
  {
    "id": "0c2e3976-b03e-4ba5-a153-d0e5cf679b67",
    "data": [
      {
        "text": "ok",
        "userDefined": false
      }
    ],
    "isTemplate": false,
    "count": 0,
    "updated": 1511466688
  },
  {
    "id": "250abf68-00f5-4a4a-a881-b9d6668b5ab5",
    "data": [
      {
        "text": "Sim obrigado",
        "userDefined": false
      }
    ],
    "isTemplate": false,
    "count": 0,
    "updated": 1511466688
  },
  {
    "id": "8f30617c-0126-4dd5-9a39-9a37d53573c5",
    "data": [
      {
        "text": "legal",
        "userDefined": false
      }
    ],
    "isTemplate": false,
    "count": 1
  },
  {
    "id": "d7cdbb41-8ce3-4f15-9ed8-313779515504",
    "data": [
      {
        "text": "parece bom",
        "userDefined": false
      }
    ],
    "isTemplate": false,
    "count": 0
  },
  {
    "id": "6c785e56-5a98-4b8f-a325-2bf0d73d4f1d",
    "data": [
      {
        "text": "interesso",
        "userDefined": false
      }
    ],
    "isTemplate": false,
    "count": 0
  },
  {
    "id": "2f2a32ce-4f88-4fa5-bdd2-20084ae8a488",
    "data": [
      {
        "text": "Aí você falou",
        "userDefined": false
      }
    ],
    "isTemplate": false,
    "count": 0
  },
  {
    "id": "1a6c4a72-1bcc-4195-88ab-5ae9486bfad4",
    "data": [
      {
        "text": "Sim, interessa",
        "userDefined": false
      }
    ],
    "isTemplate": false,
    "count": 0
  },
  {
    "id": "ac4428f3-943e-4afd-8852-ad8d3ab4c88b",
    "data": [
      {
        "text": "sim me interesso",
        "userDefined": false
      }
    ],
    "isTemplate": false,
    "count": 0
  },
  {
    "id": "2010de4e-6ce5-4e51-a3e6-53f5cbbbae68",
    "data": [
      {
        "text": "Curti sim",
        "userDefined": false
      }
    ],
    "isTemplate": false,
    "count": 0
  },
  {
    "id": "e668d47f-ed1a-4ba3-a5a5-d7dced6f6b0d",
    "data": [
      {
        "text": "Aí sim",
        "userDefined": false
      }
    ],
    "isTemplate": false,
    "count": 0
  },
  {
    "id": "5a5b8fee-f4f3-45a0-bfcf-b732ee1fd551",
    "data": [
      {
        "text": "melhor",
        "userDefined": false
      }
    ],
    "isTemplate": false,
    "count": 0
  },
  {
    "id": "ea488254-5f67-4636-ab6d-6bf20ff99a94",
    "data": [
      {
        "text": "parece gostoso",
        "userDefined": false
      }
    ],
    "isTemplate": false,
    "count": 1
  },
  {
    "id": "56ab83b4-9a42-4516-b7ce-b8e284dddaca",
    "data": [
      {
        "text": "Gostoso",
        "userDefined": false
      }
    ],
    "isTemplate": false,
    "count": 0
  },
  {
    "id": "46644b53-9781-4873-948b-ce61f5f1ba56",
    "data": [
      {
        "text": "beleza",
        "userDefined": false
      }
    ],
    "isTemplate": false,
    "count": 0
  },
  {
    "id": "465b0a50-9da4-41dc-9b7b-2ee762a29c36",
    "data": [
      {
        "text": "muito obrigado",
        "userDefined": false
      }
    ],
    "isTemplate": false,
    "count": 0,
    "updated": 1511466688
  },
  {
    "id": "f98cad52-6291-4b2f-b8cd-beae69613494",
    "data": [
      {
        "text": "opa, valeu",
        "userDefined": false
      }
    ],
    "isTemplate": false,
    "count": 1
  },
  {
    "id": "48328581-f6e1-42a8-9fcf-8a369d93df65",
    "data": [
      {
        "text": "curti",
        "userDefined": false
      }
    ],
    "isTemplate": false,
    "count": 0
  },
  {
    "id": "3f68ace3-4346-444a-a3a4-bf6d3f04d0d5",
    "data": [
      {
        "text": "Sim",
        "userDefined": false
      }
    ],
    "isTemplate": false,
    "count": 0,
    "updated": 1511466688
  }
]