[
  {
    "id": "6f6724aa-bf3e-46a4-aa6e-16015c673ad9",
    "data": [
      {
        "text": "qualquer",
        "userDefined": false
      }
    ],
    "isTemplate": false,
    "count": 0
  },
  {
    "id": "4417676b-9095-4e5d-a3d5-2d7ef7238342",
    "data": [
      {
        "text": "isto não interessa",
        "userDefined": false
      }
    ],
    "isTemplate": false,
    "count": 1
  },
  {
    "id": "8f87f965-f7ae-49fa-af94-06b11f2f2f02",
    "data": [
      {
        "text": "qualquer ",
        "userDefined": false
      },
      {
        "text": "uma",
        "meta": "@sys.ignore",
        "userDefined": false
      }
    ],
    "isTemplate": false,
    "count": 0
  },
  {
    "id": "4db6dc21-4f39-4edc-9b3d-d4c11a740ad1",
    "data": [
      {
        "text": "de qualquer maneira",
        "userDefined": false
      }
    ],
    "isTemplate": false,
    "count": 0
  },
  {
    "id": "46485a51-2d9b-412e-9aae-945fa69ec1f6",
    "data": [
      {
        "text": "tanto faz",
        "userDefined": false
      }
    ],
    "isTemplate": false,
    "count": 0
  }
]