[
  {
    "id": "3987ac86-aea9-47f7-b99b-9e00c6648a06",
    "data": [
      {
        "text": "não me importo",
        "userDefined": false
      }
    ],
    "isTemplate": false,
    "count": 0
  },
  {
    "id": "8bab80d6-4c04-4671-b204-a14377add900",
    "data": [
      {
        "text": "tanto faz",
        "userDefined": false
      }
    ],
    "isTemplate": false,
    "count": 0
  },
  {
    "id": "f6590ebd-e024-4bee-8877-102028a11704",
    "data": [
      {
        "text": "qualquer ",
        "userDefined": false
      },
      {
        "text": "uma",
        "meta": "@sys.ignore",
        "userDefined": false
      }
    ],
    "isTemplate": false,
    "count": 0
  }
]