[
  {
    "id": "3aed82eb-763b-42ef-bf50-d7ebf5d7fefb",
    "data": [
      {
        "text": "mais escura",
        "userDefined": false
      }
    ],
    "isTemplate": false,
    "count": 0
  },
  {
    "id": "2cfaa185-b22d-4aa1-b133-99f0618edc73",
    "data": [
      {
        "text": "mais",
        "userDefined": false
      }
    ],
    "isTemplate": false,
    "count": 0
  },
  {
    "id": "72968fe1-de76-43c9-8937-9e21d6dfcaac",
    "data": [
      {
        "text": "escura",
        "userDefined": false
      }
    ],
    "isTemplate": false,
    "count": 0
  }
]