[
  {
    "id": "4bd1b97c-0b3f-4a2a-a41c-e1fbfd72e60e",
    "data": [
      {
        "text": "Que tipo de cerveja devo tomar com ",
        "userDefined": false
      },
      {
        "text": "lasanha",
        "alias": "comida",
        "meta": "@comida",
        "userDefined": true
      }
    ],
    "isTemplate": false,
    "count": 0
  },
  {
    "id": "568104bb-980c-444a-bca9-5f777aa48b66",
    "data": [
      {
        "text": "Que tipo de cerveja eu tomo com ",
        "userDefined": false
      },
      {
        "text": "batata Ruffles",
        "alias": "comida",
        "meta": "@comida",
        "userDefined": true
      }
    ],
    "isTemplate": false,
    "count": 0
  },
  {
    "id": "851f75f3-1d85-4ae9-90fb-a1bc49a81a65",
    "data": [
      {
        "text": "carne defumada",
        "alias": "comida",
        "meta": "@comida",
        "userDefined": true
      },
      {
        "text": " fica gostosa com que",
        "userDefined": false
      }
    ],
    "isTemplate": false,
    "count": 0
  },
  {
    "id": "f9a7561e-1654-4236-a73d-9c352a2366ec",
    "data": [
      {
        "text": "Que tipo de cerveja devo tomar comendo ",
        "userDefined": false
      },
      {
        "text": "salsichão",
        "alias": "comida",
        "meta": "@comida",
        "userDefined": true
      }
    ],
    "isTemplate": false,
    "count": 0
  },
  {
    "id": "01f90fe2-24fe-472f-ab3c-9cbc351e2606",
    "data": [
      {
        "text": "qual cerveja eu tomo com ",
        "userDefined": false
      },
      {
        "text": "Picanha",
        "alias": "comida",
        "meta": "@comida",
        "userDefined": true
      }
    ],
    "isTemplate": false,
    "count": 0
  },
  {
    "id": "3d2b3014-801a-4932-a836-4716ed20c5b6",
    "data": [
      {
        "text": "Na verdade eu quero saber o que beber junto com uma ",
        "userDefined": false
      },
      {
        "text": "salada",
        "alias": "comida",
        "meta": "@comida",
        "userDefined": true
      }
    ],
    "isTemplate": false,
    "count": 0
  },
  {
    "id": "eb566ef9-6dc9-48e4-ba29-9ca61b6b03bf",
    "data": [
      {
        "text": "Qual estilo de cerveja que harmoniza com ",
        "userDefined": false
      },
      {
        "text": "carne assada",
        "alias": "comida",
        "meta": "@comida",
        "userDefined": true
      },
      {
        "text": "?",
        "userDefined": false
      }
    ],
    "isTemplate": false,
    "count": 0
  },
  {
    "id": "205b22b6-6a84-4148-9d9a-b34521ff9703",
    "data": [
      {
        "text": "Que estilo de cerveja harmoniza com ",
        "userDefined": false
      },
      {
        "text": "carne assada",
        "alias": "comida",
        "meta": "@comida",
        "userDefined": true
      }
    ],
    "isTemplate": false,
    "count": 0
  },
  {
    "id": "ec37a118-5859-47c5-95e5-fda4987c7d19",
    "data": [
      {
        "text": "Que estilo de cerveja combina com ",
        "userDefined": false
      },
      {
        "text": "carne assada",
        "alias": "comida",
        "meta": "@comida",
        "userDefined": true
      }
    ],
    "isTemplate": false,
    "count": 0
  },
  {
    "id": "cb3f7790-f932-41c0-b700-01560d7d9725",
    "data": [
      {
        "text": "eu tenho uma ",
        "userDefined": false
      },
      {
        "text": "picanha",
        "alias": "comida",
        "meta": "@comida",
        "userDefined": true
      },
      {
        "text": " e o que que eu bebo com ela",
        "userDefined": false
      }
    ],
    "isTemplate": false,
    "count": 0
  },
  {
    "id": "458e0386-e6bc-4230-9caa-10faad6f3c85",
    "data": [
      {
        "text": "harmonizar uma ",
        "userDefined": false
      },
      {
        "text": "pizza",
        "alias": "comida",
        "meta": "@comida",
        "userDefined": true
      }
    ],
    "isTemplate": false,
    "count": 0
  },
  {
    "id": "685213da-b506-4fd2-a1f5-82cbd2fa2247",
    "data": [
      {
        "text": "Ok então vamos harmonizar uma ",
        "userDefined": false
      },
      {
        "text": "pizza calabresa",
        "alias": "comida",
        "meta": "@comida",
        "userDefined": true
      }
    ],
    "isTemplate": false,
    "count": 0
  },
  {
    "id": "79c26f16-f109-4c84-bfb8-d66bd1cf91fb",
    "data": [
      {
        "text": "vamos uma ",
        "userDefined": false
      },
      {
        "text": "feijoada",
        "alias": "comida",
        "meta": "@comida",
        "userDefined": true
      }
    ],
    "isTemplate": false,
    "count": 0
  },
  {
    "id": "bc3ea70d-4b85-4d8e-8712-1e1662ce5e7b",
    "data": [
      {
        "text": "o que beber com a minha ",
        "userDefined": false
      },
      {
        "text": "picanha",
        "alias": "comida",
        "meta": "@comida",
        "userDefined": true
      }
    ],
    "isTemplate": false,
    "count": 0
  },
  {
    "id": "85307e8d-0d1b-44cb-8666-8ef01bd05a38",
    "data": [
      {
        "text": "o que beber enquanto como a minha ",
        "userDefined": false
      },
      {
        "text": "picanha",
        "alias": "comida",
        "meta": "@comida",
        "userDefined": true
      }
    ],
    "isTemplate": false,
    "count": 0
  },
  {
    "id": "e00aac4c-371e-4b44-b489-e07eb01f486e",
    "data": [
      {
        "text": "sim eu quero saber o que beber com a minha ",
        "userDefined": false
      },
      {
        "text": "picanha",
        "alias": "comida",
        "meta": "@comida",
        "userDefined": true
      }
    ],
    "isTemplate": false,
    "count": 0
  },
  {
    "id": "cee1849e-c9e5-4675-b49a-bbade0ab05bd",
    "data": [
      {
        "text": "O que beber quando comer ",
        "userDefined": false
      },
      {
        "text": "chocolate",
        "alias": "comida",
        "meta": "@comida",
        "userDefined": true
      }
    ],
    "isTemplate": false,
    "count": 0
  },
  {
    "id": "eb7ad30d-cbbd-460a-ad1c-cfa04652a40e",
    "data": [
      {
        "text": "quero harmonizar uma cerveja com ",
        "userDefined": false
      },
      {
        "text": "salada",
        "alias": "comida",
        "meta": "@comida",
        "userDefined": true
      }
    ],
    "isTemplate": false,
    "count": 0
  },
  {
    "id": "50364189-20d7-49f6-9ad5-4b6670fb458d",
    "data": [
      {
        "text": "peixe",
        "alias": "comida",
        "meta": "@comida",
        "userDefined": true
      },
      {
        "text": " harmoniza com qual cerveja",
        "userDefined": false
      }
    ],
    "isTemplate": false,
    "count": 0
  },
  {
    "id": "dad3ffc8-d6ba-4450-8a84-fb7954000909",
    "data": [
      {
        "text": "quero harmonizar um ",
        "userDefined": false
      },
      {
        "text": "peixe",
        "alias": "comida",
        "meta": "@comida",
        "userDefined": true
      }
    ],
    "isTemplate": false,
    "count": 0
  },
  {
    "id": "27cfc479-b956-44f7-bc57-700e946d0463",
    "data": [
      {
        "text": "preciso de uma cerveja para harmonizar com ",
        "userDefined": false
      },
      {
        "text": "peixe",
        "alias": "comida",
        "meta": "@comida",
        "userDefined": true
      }
    ],
    "isTemplate": false,
    "count": 0
  },
  {
    "id": "b0b97612-abf6-43ee-9a48-3a80d805d130",
    "data": [
      {
        "text": "enquanto como um ",
        "userDefined": false
      },
      {
        "text": "peixe",
        "alias": "comida",
        "meta": "@comida",
        "userDefined": true
      },
      {
        "text": " eu posso tomar qual cerveja",
        "userDefined": false
      }
    ],
    "isTemplate": false,
    "count": 0
  },
  {
    "id": "19a4a36d-d7ad-4964-a5da-b675d8b7c47c",
    "data": [
      {
        "text": "uma cerveja para tomar com ",
        "userDefined": false
      },
      {
        "text": "Picanha",
        "alias": "comida",
        "meta": "@comida",
        "userDefined": true
      }
    ],
    "isTemplate": false,
    "count": 0
  },
  {
    "id": "6ccfa81d-a15e-4cf7-9824-3250fc69480e",
    "data": [
      {
        "text": "não eu quero uma cerveja para tomar com ",
        "userDefined": false
      },
      {
        "text": "Picanha",
        "alias": "comida",
        "meta": "@comida",
        "userDefined": true
      }
    ],
    "isTemplate": false,
    "count": 0
  },
  {
    "id": "a69710b5-2a4a-4d7c-811c-7b483adc0d3d",
    "data": [
      {
        "text": "quero uma cerveja para beber com ",
        "userDefined": false
      },
      {
        "text": "feijoada",
        "alias": "comida",
        "meta": "@comida",
        "userDefined": true
      }
    ],
    "isTemplate": false,
    "count": 0
  },
  {
    "id": "48a9d119-14ab-4d2c-a3e9-e8550fa3e870",
    "data": [
      {
        "text": "vamos Eu quero comer ",
        "userDefined": false
      },
      {
        "text": "feijoada",
        "alias": "comida",
        "meta": "@comida",
        "userDefined": true
      },
      {
        "text": " e o que beber",
        "userDefined": false
      }
    ],
    "isTemplate": false,
    "count": 0
  },
  {
    "id": "91b966db-e7b7-4a9b-b7f4-57030787c50f",
    "data": [
      {
        "text": "Sim eu quero uma cerveja para comer com ",
        "userDefined": false
      },
      {
        "text": "feijoada",
        "alias": "comida",
        "meta": "@comida",
        "userDefined": true
      }
    ],
    "isTemplate": false,
    "count": 0
  },
  {
    "id": "cb5bf14f-38f4-442e-82fd-1d100408b0e7",
    "data": [
      {
        "text": "qual cerveja ",
        "userDefined": false
      },
      {
        "text": "tomar",
        "meta": "@sys.ignore",
        "userDefined": false
      },
      {
        "text": " com ",
        "userDefined": false
      },
      {
        "text": "um",
        "meta": "@sys.ignore",
        "userDefined": false
      },
      {
        "text": " ",
        "userDefined": false
      },
      {
        "text": "comida",
        "alias": "comida",
        "meta": "@comida",
        "userDefined": true
      }
    ],
    "isTemplate": false,
    "count": 1
  },
  {
    "id": "2b7bd3d6-1d52-4ded-8b3f-30c574748d15",
    "data": [
      {
        "text": "qual cerveja ",
        "userDefined": false
      },
      {
        "text": "tomar",
        "meta": "@sys.ignore",
        "userDefined": false
      },
      {
        "text": " com ",
        "userDefined": false
      },
      {
        "text": "uma",
        "meta": "@sys.ignore",
        "userDefined": false
      },
      {
        "text": " ",
        "userDefined": false
      },
      {
        "text": "comida",
        "alias": "comida",
        "meta": "@comida",
        "userDefined": true
      }
    ],
    "isTemplate": false,
    "count": 0
  },
  {
    "id": "05a7a3a0-4289-4b9a-80f3-38905ce4df16",
    "data": [
      {
        "text": "qual cerveja ",
        "userDefined": false
      },
      {
        "text": "tomar",
        "meta": "@sys.ignore",
        "userDefined": false
      },
      {
        "text": " com ",
        "userDefined": false
      },
      {
        "text": "comida",
        "alias": "comida",
        "meta": "@comida",
        "userDefined": true
      }
    ],
    "isTemplate": false,
    "count": 0
  },
  {
    "id": "c1ac42ed-406b-4408-9931-89214b3dec81",
    "data": [
      {
        "text": "qual cerveja beber com ",
        "userDefined": false
      },
      {
        "text": "uma",
        "meta": "@sys.ignore",
        "userDefined": false
      },
      {
        "text": " ",
        "userDefined": false
      },
      {
        "text": "comida",
        "alias": "comida",
        "meta": "@comida",
        "userDefined": true
      }
    ],
    "isTemplate": false,
    "count": 0
  },
  {
    "id": "57141fac-ae33-46fd-a9af-65a9bea2efce",
    "data": [
      {
        "text": "quero beber alguma coisa com ",
        "userDefined": false
      },
      {
        "text": "comida",
        "alias": "comida",
        "meta": "@comida",
        "userDefined": true
      }
    ],
    "isTemplate": false,
    "count": 0
  },
  {
    "id": "02187455-5ce1-499e-aadb-085e5f817581",
    "data": [
      {
        "text": "quero beber algo com ",
        "userDefined": false
      },
      {
        "text": "uma",
        "meta": "@sys.ignore",
        "userDefined": false
      },
      {
        "text": " ",
        "userDefined": false
      },
      {
        "text": "comida",
        "alias": "comida",
        "meta": "@comida",
        "userDefined": true
      }
    ],
    "isTemplate": false,
    "count": 0
  },
  {
    "id": "da0bf573-9aad-4b2f-8d2c-e1f3c22bc614",
    "data": [
      {
        "text": "quero berber ",
        "userDefined": false
      },
      {
        "text": "uma",
        "meta": "@sys.ignore",
        "userDefined": false
      },
      {
        "text": " coisa com ",
        "userDefined": false
      },
      {
        "text": "um",
        "meta": "@sys.ignore",
        "userDefined": false
      },
      {
        "text": " ",
        "userDefined": false
      },
      {
        "text": "comida",
        "alias": "comida",
        "meta": "@comida",
        "userDefined": true
      }
    ],
    "isTemplate": false,
    "count": 0
  },
  {
    "id": "f0c1ed36-68f1-477e-bcb1-8d1cad9ec1a5",
    "data": [
      {
        "text": "quero beber ",
        "userDefined": false
      },
      {
        "text": "uma",
        "meta": "@sys.ignore",
        "userDefined": false
      },
      {
        "text": " coisa com ",
        "userDefined": false
      },
      {
        "text": "uma",
        "meta": "@sys.ignore",
        "userDefined": false
      },
      {
        "text": " ",
        "userDefined": false
      },
      {
        "text": "comida",
        "alias": "comida",
        "meta": "@comida",
        "userDefined": true
      }
    ],
    "isTemplate": false,
    "count": 0
  },
  {
    "id": "3cd0bf41-e8c6-47eb-ac67-0200fd135b6a",
    "data": [
      {
        "text": "O que harmonizar com ",
        "userDefined": false
      },
      {
        "text": "um",
        "meta": "@sys.ignore",
        "userDefined": false
      },
      {
        "text": " ",
        "userDefined": false
      },
      {
        "text": "comida",
        "alias": "comida",
        "meta": "@comida",
        "userDefined": true
      }
    ],
    "isTemplate": false,
    "count": 0,
    "updated": 1512393535
  },
  {
    "id": "80a058b6-bed6-4b15-a845-8771d5de0720",
    "data": [
      {
        "text": "O que harmonizar com ",
        "userDefined": false
      },
      {
        "text": "uma",
        "meta": "@sys.ignore",
        "userDefined": false
      },
      {
        "text": " ",
        "userDefined": false
      },
      {
        "text": "comida",
        "alias": "comida",
        "meta": "@comida",
        "userDefined": true
      }
    ],
    "isTemplate": false,
    "count": 0,
    "updated": 1512393535
  },
  {
    "id": "484f06d8-395f-404e-a451-1fed96c0aae3",
    "data": [
      {
        "text": "O que harmonizar com ",
        "userDefined": false
      },
      {
        "text": "comida",
        "alias": "comida",
        "meta": "@comida",
        "userDefined": true
      }
    ],
    "isTemplate": false,
    "count": 0,
    "updated": 1512393535
  },
  {
    "id": "efe95166-d257-4e85-86ef-8f0ce29f6538",
    "data": [
      {
        "text": "O que ",
        "userDefined": false
      },
      {
        "text": "tomar",
        "meta": "@sys.ignore",
        "userDefined": false
      },
      {
        "text": " com ",
        "userDefined": false
      },
      {
        "text": "um",
        "meta": "@sys.ignore",
        "userDefined": false
      },
      {
        "text": " ",
        "userDefined": false
      },
      {
        "text": "comida",
        "alias": "comida",
        "meta": "@comida",
        "userDefined": true
      }
    ],
    "isTemplate": false,
    "count": 0,
    "updated": 1512393535
  },
  {
    "id": "ec885096-1799-4d2c-b556-cda5e5e6b329",
    "data": [
      {
        "text": "O que ",
        "userDefined": false
      },
      {
        "text": "tomar",
        "meta": "@sys.ignore",
        "userDefined": false
      },
      {
        "text": " com ",
        "userDefined": false
      },
      {
        "text": "uma",
        "meta": "@sys.ignore",
        "userDefined": false
      },
      {
        "text": " ",
        "userDefined": false
      },
      {
        "text": "comida",
        "alias": "comida",
        "meta": "@comida",
        "userDefined": true
      }
    ],
    "isTemplate": false,
    "count": 0,
    "updated": 1512393535
  },
  {
    "id": "17227b98-17b6-4f68-8aa3-a48366463b73",
    "data": [
      {
        "text": "O que beber com ",
        "userDefined": false
      },
      {
        "text": "um",
        "meta": "@sys.ignore",
        "userDefined": false
      },
      {
        "text": " ",
        "userDefined": false
      },
      {
        "text": "comida",
        "alias": "comida",
        "meta": "@comida",
        "userDefined": true
      }
    ],
    "isTemplate": false,
    "count": 0,
    "updated": 1512393535
  },
  {
    "id": "5ff56ff0-8f91-45e2-8d7b-292473ffce96",
    "data": [
      {
        "text": "O que beber com ",
        "userDefined": false
      },
      {
        "text": "uma",
        "meta": "@sys.ignore",
        "userDefined": false
      },
      {
        "text": " ",
        "userDefined": false
      },
      {
        "text": "comida",
        "alias": "comida",
        "meta": "@comida",
        "userDefined": true
      }
    ],
    "isTemplate": false,
    "count": 0,
    "updated": 1512393535
  },
  {
    "id": "ba7505ae-c468-426a-9d85-5a8d388be5e6",
    "data": [
      {
        "text": "O que ",
        "userDefined": false
      },
      {
        "text": "tomar",
        "meta": "@sys.ignore",
        "userDefined": false
      },
      {
        "text": " com ",
        "userDefined": false
      },
      {
        "text": "comida",
        "alias": "comida",
        "meta": "@comida",
        "userDefined": true
      }
    ],
    "isTemplate": false,
    "count": 0,
    "updated": 1512393535
  },
  {
    "id": "bb70569b-d926-433a-938d-31ca64d8f213",
    "data": [
      {
        "text": "O que beber com ",
        "userDefined": false
      },
      {
        "text": "comida",
        "alias": "comida",
        "meta": "@comida",
        "userDefined": true
      }
    ],
    "isTemplate": false,
    "count": 0,
    "updated": 1512393535
  },
  {
    "id": "94c1c898-e9a8-4e0f-81ae-aef231bf4ad4",
    "data": [
      {
        "text": "Quero harmonizar uma ",
        "userDefined": false
      },
      {
        "text": "comida",
        "alias": "comida",
        "meta": "@comida",
        "userDefined": true
      }
    ],
    "isTemplate": false,
    "count": 0,
    "updated": 1512393535
  }
]