[
  {
    "id": "eab6f127-010c-41ea-a28b-3a1e070ed616",
    "data": [
      {
        "text": "não gosto de amargor",
        "userDefined": false
      }
    ],
    "isTemplate": false,
    "count": 1
  },
  {
    "id": "aad49d6c-430d-47f2-83ff-d037bfe680fe",
    "data": [
      {
        "text": "não gosto de amargo",
        "userDefined": false
      }
    ],
    "isTemplate": false,
    "count": 0
  },
  {
    "id": "009157b3-17e9-4d44-bfa2-0d88ff6e4707",
    "data": [
      {
        "text": "menos amarga",
        "userDefined": false
      }
    ],
    "isTemplate": false,
    "count": 0
  },
  {
    "id": "a6937d40-f989-4b02-a5d6-0c872f7dc8e5",
    "data": [
      {
        "text": "menos",
        "userDefined": false
      }
    ],
    "isTemplate": false,
    "count": 0
  }
]