[
  {
    "id": "e9aa5aba-fef8-43a0-8362-ce90e0eb1029",
    "data": [
      {
        "text": "escura",
        "userDefined": false
      }
    ],
    "isTemplate": false,
    "count": 0
  },
  {
    "id": "e1897480-0d8e-4295-a164-3e5ed710e3cb",
    "data": [
      {
        "text": "mais escura",
        "userDefined": false
      }
    ],
    "isTemplate": false,
    "count": 0
  },
  {
    "id": "f19d1067-243b-4b39-9212-b4786c332838",
    "data": [
      {
        "text": "mais",
        "userDefined": false
      }
    ],
    "isTemplate": false,
    "count": 0
  }
]