[
  {
    "id": "fe233fbc-f6eb-4075-8926-a0106e169eef",
    "data": [
      {
        "text": "não me importo",
        "userDefined": false
      }
    ],
    "isTemplate": false,
    "count": 0
  },
  {
    "id": "edbdc9b0-c509-488b-bffb-bb96fc490933",
    "data": [
      {
        "text": "qualquer ",
        "userDefined": false
      },
      {
        "text": "uma",
        "meta": "@sys.ignore",
        "userDefined": false
      }
    ],
    "isTemplate": false,
    "count": 0
  },
  {
    "id": "a19c6421-88a0-45a4-b562-c4e58513e7ce",
    "data": [
      {
        "text": "tanto faz",
        "userDefined": false
      }
    ],
    "isTemplate": false,
    "count": 0
  }
]