[
  {
    "id": "794d673c-4e92-48d5-923c-00b0f0cc1780",
    "data": [
      {
        "text": "clara",
        "userDefined": false
      }
    ],
    "isTemplate": false,
    "count": 0
  },
  {
    "id": "18daf110-ea84-43c9-b0cc-bac283803d41",
    "data": [
      {
        "text": "mais clara",
        "userDefined": false
      }
    ],
    "isTemplate": false,
    "count": 0
  },
  {
    "id": "5d00dd5d-68a1-4b8e-a5ea-3d354efc9b72",
    "data": [
      {
        "text": "menos escura",
        "userDefined": false
      }
    ],
    "isTemplate": false,
    "count": 0
  },
  {
    "id": "ca3c41e7-6415-40cd-89c2-cc46a9da20ee",
    "data": [
      {
        "text": "menos",
        "userDefined": false
      }
    ],
    "isTemplate": false,
    "count": 0
  }
]