[
  {
    "id": "7cc377aa-5e1b-42cd-ab74-1c8f044ba494",
    "data": [
      {
        "text": "amarga claro",
        "userDefined": false
      }
    ],
    "isTemplate": false,
    "count": 0
  },
  {
    "id": "a11e8948-5279-4dfb-9d3b-c5eaf2411cec",
    "data": [
      {
        "text": "amarga",
        "userDefined": false
      }
    ],
    "isTemplate": false,
    "count": 0
  },
  {
    "id": "de9f14e3-7320-40e4-9f80-2008d9c1594a",
    "data": [
      {
        "text": "quanto mais amarga melhor",
        "userDefined": false
      }
    ],
    "isTemplate": false,
    "count": 0
  },
  {
    "id": "7825eeb4-ec76-45eb-9b9f-cd41500e5c2f",
    "data": [
      {
        "text": "mais amaga",
        "userDefined": false
      }
    ],
    "isTemplate": false,
    "count": 0
  },
  {
    "id": "6c1c7460-daff-44f1-a1b0-d4e196c6544b",
    "data": [
      {
        "text": "Mais",
        "userDefined": false
      }
    ],
    "isTemplate": false,
    "count": 0
  }
]