[
  {
    "id": "ca6f5e99-4855-4744-acf3-948601765c98",
    "data": [
      {
        "text": "mais alcoólica",
        "userDefined": false
      }
    ],
    "isTemplate": false,
    "count": 0
  },
  {
    "id": "0af64ed1-e763-48c7-b85d-1e0a383fa88e",
    "data": [
      {
        "text": "mais alcool",
        "userDefined": false
      }
    ],
    "isTemplate": false,
    "count": 0
  },
  {
    "id": "26744206-8b56-4969-8dce-5438e69e09c6",
    "data": [
      {
        "text": "mais forte",
        "userDefined": false
      }
    ],
    "isTemplate": false,
    "count": 0
  },
  {
    "id": "5dcfbe39-08e4-4a10-acff-6ba53dde0a3e",
    "data": [
      {
        "text": "bem alcólica",
        "userDefined": false
      }
    ],
    "isTemplate": false,
    "count": 0
  },
  {
    "id": "f893cfd8-784a-4ac9-a59d-406a8cbab15f",
    "data": [
      {
        "text": "mais alcólica",
        "userDefined": false
      }
    ],
    "isTemplate": false,
    "count": 0
  },
  {
    "id": "520ca727-7e62-4db3-90f7-d70acd181c58",
    "data": [
      {
        "text": "mais",
        "userDefined": false
      }
    ],
    "isTemplate": false,
    "count": 0,
    "updated": 1513599764
  }
]