[
  {
    "id": "bfa7937f-2acc-46d4-b2fa-7c6aed4a3122",
    "data": [
      {
        "text": "gosto",
        "userDefined": false
      }
    ],
    "isTemplate": false,
    "count": 0,
    "updated": 1513612939
  },
  {
    "id": "7edf3b1a-31df-495e-b696-2c90842d93b4",
    "data": [
      {
        "text": "quero",
        "userDefined": false
      }
    ],
    "isTemplate": false,
    "count": 0,
    "updated": 1513612939
  },
  {
    "id": "3bad3078-987c-485a-b05a-575e3a313f4b",
    "data": [
      {
        "text": "pode ser",
        "userDefined": false
      }
    ],
    "isTemplate": false,
    "count": 0,
    "updated": 1513612939
  },
  {
    "id": "e293f7f8-0526-4aa0-9f36-b3dec233d0e9",
    "data": [
      {
        "text": "sim",
        "userDefined": false
      }
    ],
    "isTemplate": false,
    "count": 0,
    "updated": 1513612939
  },
  {
    "id": "df9e4f0c-a406-4a63-8b9f-67139132b74b",
    "data": [
      {
        "text": "ok",
        "userDefined": false
      }
    ],
    "isTemplate": false,
    "count": 0,
    "updated": 1513612939
  }
]