[
  {
    "id": "b0dfb93c-4fbb-4b10-9c9e-f1c47d4a91f0",
    "data": [
      {
        "text": "Não sei o que é harmonizar",
        "userDefined": false
      }
    ],
    "isTemplate": false,
    "count": 0,
    "updated": 1511887389
  },
  {
    "id": "d2b1c3b2-39fe-4e90-af6e-ad966a32985f",
    "data": [
      {
        "text": "O que é harmonização?",
        "userDefined": false
      }
    ],
    "isTemplate": false,
    "count": 0,
    "updated": 1511887389
  },
  {
    "id": "bfa779c2-e9be-4a36-8623-5c1358a17e4f",
    "data": [
      {
        "text": "O que é harmonizar?",
        "userDefined": false
      }
    ],
    "isTemplate": false,
    "count": 0,
    "updated": 1511887389
  },
  {
    "id": "ed7db731-81f9-4029-b800-856bed826ab3",
    "data": [
      {
        "text": "Não sei o que é harmonização",
        "userDefined": false
      }
    ],
    "isTemplate": false,
    "count": 0,
    "updated": 1511887389
  }
]