[
  {
    "id": "ffb95d57-6696-48ce-87d0-672e6f86b1b0",
    "data": [
      {
        "text": "Vamos, o que você sugere?",
        "userDefined": false
      }
    ],
    "isTemplate": false,
    "count": 0
  },
  {
    "id": "4809610a-877d-4cec-ad06-643076695612",
    "data": [
      {
        "text": "Ok então me ajuda a escolher",
        "userDefined": false
      }
    ],
    "isTemplate": false,
    "count": 0
  },
  {
    "id": "483e9e37-3781-4ad0-83c6-d283b54def93",
    "data": [
      {
        "text": "que cerveja você recomenda",
        "userDefined": false
      }
    ],
    "isTemplate": false,
    "count": 0
  },
  {
    "id": "5a442b3f-5e8c-4c73-b176-ed6b4e91baab",
    "data": [
      {
        "text": "que cerveja devo beber",
        "userDefined": false
      }
    ],
    "isTemplate": false,
    "count": 0
  },
  {
    "id": "a576dee9-755a-4671-a684-032f32a39776",
    "data": [
      {
        "text": "me ajude a escolher ",
        "userDefined": false
      },
      {
        "text": "uma",
        "meta": "@sys.ignore",
        "userDefined": false
      },
      {
        "text": " cerveja",
        "userDefined": false
      }
    ],
    "isTemplate": false,
    "count": 0
  },
  {
    "id": "4c1b195b-50d4-4299-8d07-a702fcedda16",
    "data": [
      {
        "text": "me ajude a escolher",
        "userDefined": false
      }
    ],
    "isTemplate": false,
    "count": 0
  },
  {
    "id": "f97a5989-3688-4aa8-8b62-960e409e6a0f",
    "data": [
      {
        "text": "me ajuda a escolher",
        "userDefined": false
      }
    ],
    "isTemplate": false,
    "count": 1
  },
  {
    "id": "f85e5279-323e-4471-85fb-dee4cc408fe3",
    "data": [
      {
        "text": "que cerveja beber",
        "userDefined": false
      }
    ],
    "isTemplate": false,
    "count": 0
  },
  {
    "id": "83180402-2614-49d2-9cf4-f02a0534e58b",
    "data": [
      {
        "text": "que cerveja ",
        "userDefined": false
      },
      {
        "text": "tomar",
        "meta": "@sys.ignore",
        "userDefined": false
      }
    ],
    "isTemplate": false,
    "count": 0
  },
  {
    "id": "02ac50a5-b77e-4eb4-90b8-a164b034c158",
    "data": [
      {
        "text": "Que tipo de cerveja",
        "userDefined": false
      }
    ],
    "isTemplate": false,
    "count": 0
  },
  {
    "id": "c7d38207-0653-49da-b2fb-d287aa4b2fc9",
    "data": [
      {
        "text": "escolhe ",
        "userDefined": false
      },
      {
        "text": "uma",
        "meta": "@sys.ignore",
        "userDefined": false
      },
      {
        "text": " breja pra mim",
        "userDefined": false
      }
    ],
    "isTemplate": false,
    "count": 0
  },
  {
    "id": "2518224d-2c5b-40d0-9988-c166b82850bc",
    "data": [
      {
        "text": "escolhe pra mim",
        "userDefined": false
      }
    ],
    "isTemplate": false,
    "count": 1
  },
  {
    "id": "c4a4ff73-0cbe-4140-b097-bd786873fbf4",
    "data": [
      {
        "text": "escolhe ",
        "userDefined": false
      },
      {
        "text": "uma",
        "meta": "@sys.ignore",
        "userDefined": false
      },
      {
        "text": " cerveja pra mim",
        "userDefined": false
      }
    ],
    "isTemplate": false,
    "count": 0
  },
  {
    "id": "cd42dd76-ff79-47dc-9bf9-f9aca2bdc87c",
    "data": [
      {
        "text": "não conheço estilo de cerveja",
        "userDefined": false
      }
    ],
    "isTemplate": false,
    "count": 0
  },
  {
    "id": "bf6f88ea-aae6-491c-a05c-c18fa29f0afe",
    "data": [
      {
        "text": "não sei o que beber",
        "userDefined": false
      }
    ],
    "isTemplate": false,
    "count": 0
  },
  {
    "id": "2b3c2815-f437-4c18-91bd-b64344560a5f",
    "data": [
      {
        "text": "o que devo ",
        "userDefined": false
      },
      {
        "text": "tomar",
        "meta": "@sys.ignore",
        "userDefined": false
      }
    ],
    "isTemplate": false,
    "count": 0
  }
]