[
  {
    "id": "870cfe47-ddf8-403a-8fd9-64fdf701b61d",
    "data": [
      {
        "text": "quero sim",
        "userDefined": false
      }
    ],
    "isTemplate": false,
    "count": 0,
    "updated": 1518700782
  },
  {
    "id": "b11c7f70-1ac1-4455-a597-c8085ad49a4e",
    "data": [
      {
        "text": "parece bom",
        "userDefined": false
      }
    ],
    "isTemplate": false,
    "count": 0,
    "updated": 1518700782
  },
  {
    "id": "c2b6957b-2cd3-4f85-955b-7aa3eec63506",
    "data": [
      {
        "text": "vamos",
        "userDefined": false
      }
    ],
    "isTemplate": false,
    "count": 0,
    "updated": 1518700782
  },
  {
    "id": "a7089e62-35b5-4e09-804f-f2935b8a11e2",
    "data": [
      {
        "text": "ok",
        "userDefined": false
      }
    ],
    "isTemplate": false,
    "count": 0,
    "updated": 1518700782
  },
  {
    "id": "8652cbcf-cebd-403e-b577-4b8f6dbc6560",
    "data": [
      {
        "text": "gosto",
        "userDefined": false
      }
    ],
    "isTemplate": false,
    "count": 0,
    "updated": 1518700782
  },
  {
    "id": "9993150a-2c95-4962-aa32-236815699247",
    "data": [
      {
        "text": "quero",
        "userDefined": false
      }
    ],
    "isTemplate": false,
    "count": 0,
    "updated": 1518700782
  },
  {
    "id": "f84b412b-addc-4c6c-b6c8-d41498a7e3e2",
    "data": [
      {
        "text": "sim",
        "userDefined": false
      }
    ],
    "isTemplate": false,
    "count": 0,
    "updated": 1518700782
  },
  {
    "id": "662f7e62-4cb6-444d-9184-e161fd1f09ea",
    "data": [
      {
        "text": "pode ser",
        "userDefined": false
      }
    ],
    "isTemplate": false,
    "count": 0,
    "updated": 1518700782
  }
]