[
  {
    "id": "7f7d82d4-ad62-425b-bcb0-9451cb0eb5da",
    "data": [
      {
        "text": "Vamos, o que você sugere?",
        "userDefined": false
      }
    ],
    "isTemplate": false,
    "count": 0
  },
  {
    "id": "09754085-e94d-466e-9691-10f7280ae9ba",
    "data": [
      {
        "text": "Ok então me ajuda a escolher",
        "userDefined": false
      }
    ],
    "isTemplate": false,
    "count": 0
  },
  {
    "id": "155a1da2-5535-469f-a7c8-85a65355fb9a",
    "data": [
      {
        "text": "que cerveja você recomenda",
        "userDefined": false
      }
    ],
    "isTemplate": false,
    "count": 0
  },
  {
    "id": "a4a7acb4-2f7a-423f-b375-9217c5d9e119",
    "data": [
      {
        "text": "que cerveja devo beber",
        "userDefined": false
      }
    ],
    "isTemplate": false,
    "count": 0
  },
  {
    "id": "cca46a58-9348-4f1e-9473-039043959683",
    "data": [
      {
        "text": "me ajude a escolher ",
        "userDefined": false
      },
      {
        "text": "uma",
        "meta": "@sys.ignore",
        "userDefined": false
      },
      {
        "text": " cerveja",
        "userDefined": false
      }
    ],
    "isTemplate": false,
    "count": 0
  },
  {
    "id": "362fa270-b198-4ce6-88b3-24e422a037c1",
    "data": [
      {
        "text": "me ajude a escolher",
        "userDefined": false
      }
    ],
    "isTemplate": false,
    "count": 0
  },
  {
    "id": "2fc35d45-afe5-4579-9ddc-834f8760f4c7",
    "data": [
      {
        "text": "me ajuda a escolher",
        "userDefined": false
      }
    ],
    "isTemplate": false,
    "count": 1
  },
  {
    "id": "3f6df7ea-5fde-4df0-81d0-3fbd4bfaaf14",
    "data": [
      {
        "text": "que cerveja beber",
        "userDefined": false
      }
    ],
    "isTemplate": false,
    "count": 0
  },
  {
    "id": "b7b0e1ed-bc02-41a6-a44d-c89e9dcaf696",
    "data": [
      {
        "text": "que cerveja ",
        "userDefined": false
      },
      {
        "text": "tomar",
        "meta": "@sys.ignore",
        "userDefined": false
      }
    ],
    "isTemplate": false,
    "count": 0
  },
  {
    "id": "778c86dc-4023-49dc-87cc-6c85f662817d",
    "data": [
      {
        "text": "Que tipo de cerveja",
        "userDefined": false
      }
    ],
    "isTemplate": false,
    "count": 0
  },
  {
    "id": "ce7ad040-3c41-4e77-97c9-99b5e61c43c5",
    "data": [
      {
        "text": "escolhe ",
        "userDefined": false
      },
      {
        "text": "uma",
        "meta": "@sys.ignore",
        "userDefined": false
      },
      {
        "text": " breja pra mim",
        "userDefined": false
      }
    ],
    "isTemplate": false,
    "count": 0
  },
  {
    "id": "ed4b93b5-ace9-48f1-a8bc-c97b7e3e463c",
    "data": [
      {
        "text": "escolhe pra mim",
        "userDefined": false
      }
    ],
    "isTemplate": false,
    "count": 1
  },
  {
    "id": "2cd201e3-1765-4559-89b0-61892a2871a9",
    "data": [
      {
        "text": "escolhe ",
        "userDefined": false
      },
      {
        "text": "uma",
        "meta": "@sys.ignore",
        "userDefined": false
      },
      {
        "text": " cerveja pra mim",
        "userDefined": false
      }
    ],
    "isTemplate": false,
    "count": 0
  },
  {
    "id": "90ef7b3c-b50f-434e-a8c7-e2b488459648",
    "data": [
      {
        "text": "não conheço estilo de cerveja",
        "userDefined": false
      }
    ],
    "isTemplate": false,
    "count": 0
  },
  {
    "id": "486b9707-4cc1-4a45-a997-99b170f28957",
    "data": [
      {
        "text": "não sei o que beber",
        "userDefined": false
      }
    ],
    "isTemplate": false,
    "count": 0
  },
  {
    "id": "06bf2ba8-3748-482b-8601-8b45b3436d6f",
    "data": [
      {
        "text": "o que devo ",
        "userDefined": false
      },
      {
        "text": "tomar",
        "meta": "@sys.ignore",
        "userDefined": false
      }
    ],
    "isTemplate": false,
    "count": 0
  }
]