[
  {
    "id": "e7f84d54-b261-41e0-81d9-a63b03f87a9f",
    "data": [
      {
        "text": "eu não",
        "userDefined": false
      }
    ],
    "isTemplate": false,
    "count": 0
  },
  {
    "id": "186b74dc-a653-4144-8e2b-bc8578b5676f",
    "data": [
      {
        "text": "quero outro tipo de comida",
        "userDefined": false
      }
    ],
    "isTemplate": false,
    "count": 0
  },
  {
    "id": "d652ef1b-72a6-490b-af03-c0e663abbf06",
    "data": [
      {
        "text": "Não me parece bom",
        "userDefined": false
      }
    ],
    "isTemplate": false,
    "count": 0
  },
  {
    "id": "c32a4392-5d53-4cdf-8ce3-97250d2f4742",
    "data": [
      {
        "text": "discordo",
        "userDefined": false
      }
    ],
    "isTemplate": false,
    "count": 0,
    "updated": 1511465086
  },
  {
    "id": "4e0f0a2d-fc0a-4e0f-8eac-59e8cc0797d4",
    "data": [
      {
        "text": "muito menos ",
        "userDefined": false
      },
      {
        "text": "Escargot",
        "alias": "comida",
        "meta": "@comida",
        "userDefined": true
      }
    ],
    "isTemplate": false,
    "count": 0
  },
  {
    "id": "e2927111-a217-44f9-b001-12882a9982da",
    "data": [
      {
        "text": "credo",
        "userDefined": false
      }
    ],
    "isTemplate": false,
    "count": 1
  },
  {
    "id": "ba2f7ab1-39c2-4882-88c5-e067556dee24",
    "data": [
      {
        "text": "que não gostei",
        "userDefined": false
      }
    ],
    "isTemplate": false,
    "count": 0
  },
  {
    "id": "c983a366-7f75-45ee-816f-77cbaa4750f7",
    "data": [
      {
        "text": "também não quero ",
        "userDefined": false
      },
      {
        "text": "Nachos",
        "alias": "comida",
        "meta": "@comida",
        "userDefined": true
      }
    ],
    "isTemplate": false,
    "count": 2
  },
  {
    "id": "7f2a00e4-a68c-417b-94b4-c557c17326b0",
    "data": [
      {
        "text": "não não como ",
        "userDefined": false
      },
      {
        "text": "frutos do mar",
        "alias": "comida",
        "meta": "@comida",
        "userDefined": true
      }
    ],
    "isTemplate": false,
    "count": 0
  },
  {
    "id": "2e51e14d-c0a9-4ed6-9f6b-d8286e6bb141",
    "data": [
      {
        "text": "eu não acho",
        "userDefined": false
      }
    ],
    "isTemplate": false,
    "count": 0
  },
  {
    "id": "65b44cec-335f-465d-94b3-37b81e3a4370",
    "data": [
      {
        "text": "o que mais",
        "userDefined": false
      }
    ],
    "isTemplate": false,
    "count": 0
  },
  {
    "id": "52774e9c-e3d7-468a-9c64-821baa212975",
    "data": [
      {
        "text": "ostras",
        "alias": "comida",
        "meta": "@comida",
        "userDefined": true
      },
      {
        "text": " não",
        "userDefined": false
      }
    ],
    "isTemplate": false,
    "count": 0
  },
  {
    "id": "9f771116-7f45-46c1-a8b9-c7c4756f467c",
    "data": [
      {
        "text": "também não",
        "userDefined": false
      }
    ],
    "isTemplate": false,
    "count": 1
  },
  {
    "id": "7e7f251f-3f00-45f8-958b-f8863a619c4c",
    "data": [
      {
        "text": "não gosto de ",
        "userDefined": false
      },
      {
        "text": "ostras",
        "alias": "comida",
        "meta": "@comida",
        "userDefined": true
      }
    ],
    "isTemplate": false,
    "count": 0
  },
  {
    "id": "0090a724-a8d3-4a28-9155-dbc9fdb77a11",
    "data": [
      {
        "text": "tem outra opção?",
        "userDefined": false
      }
    ],
    "isTemplate": false,
    "count": 0
  },
  {
    "id": "45ee7665-32ff-413a-bb7c-0dc7e34b6596",
    "data": [
      {
        "text": "não tem outra coisa",
        "userDefined": false
      }
    ],
    "isTemplate": false,
    "count": 0
  },
  {
    "id": "4069d4c7-a086-40c8-97d0-626b0668aeba",
    "data": [
      {
        "text": "Surubim",
        "alias": "comida",
        "meta": "@comida",
        "userDefined": true
      },
      {
        "text": " não gosto",
        "userDefined": false
      }
    ],
    "isTemplate": false,
    "count": 0
  },
  {
    "id": "2287bd28-d6cf-4333-8783-263cef40135c",
    "data": [
      {
        "text": "o que mais?",
        "userDefined": false
      }
    ],
    "isTemplate": false,
    "count": 1
  },
  {
    "id": "7f5447fd-e8ed-4ec2-8779-a4c597102843",
    "data": [
      {
        "text": "não, não quero ",
        "userDefined": false
      },
      {
        "text": "comida",
        "alias": "comida",
        "meta": "@comida",
        "userDefined": true
      }
    ],
    "isTemplate": false,
    "count": 2
  },
  {
    "id": "c6183306-cba8-4572-93e1-c42652d8b0cd",
    "data": [
      {
        "text": "naaaaa",
        "userDefined": false
      }
    ],
    "isTemplate": false,
    "count": 0,
    "updated": 1511465086
  },
  {
    "id": "67cf8a66-c8e6-495a-b38a-40bdffcfe745",
    "data": [
      {
        "text": "não obrigado",
        "userDefined": false
      }
    ],
    "isTemplate": false,
    "count": 0,
    "updated": 1511465086
  },
  {
    "id": "32f54888-465b-44ac-8bea-00c428694b43",
    "data": [
      {
        "text": "outra coisa",
        "userDefined": false
      }
    ],
    "isTemplate": false,
    "count": 0
  },
  {
    "id": "f345d67c-223a-436a-9194-29c94b3f3c49",
    "data": [
      {
        "text": "a não",
        "userDefined": false
      }
    ],
    "isTemplate": false,
    "count": 0
  },
  {
    "id": "89b15855-e679-426c-bac4-18d89b36d3f1",
    "data": [
      {
        "text": "não gosto de ",
        "userDefined": false
      },
      {
        "text": "Mexilhões",
        "alias": "comida",
        "meta": "@comida",
        "userDefined": true
      }
    ],
    "isTemplate": false,
    "count": 0
  },
  {
    "id": "683a04d6-3de4-488a-93d2-5b3167a2421a",
    "data": [
      {
        "text": "você tem outra sugestão?",
        "userDefined": false
      }
    ],
    "isTemplate": false,
    "count": 0
  },
  {
    "id": "b58c54ba-89d3-4701-bb36-e2b797839e44",
    "data": [
      {
        "text": "não quero isso",
        "userDefined": false
      }
    ],
    "isTemplate": false,
    "count": 0
  },
  {
    "id": "c92f5254-2d09-4b3b-9bce-973084a71121",
    "data": [
      {
        "text": "nao gosto nao",
        "userDefined": false
      }
    ],
    "isTemplate": false,
    "count": 0
  },
  {
    "id": "b7612541-997e-40b6-b8ca-485353457ce4",
    "data": [
      {
        "text": "passo",
        "userDefined": false
      }
    ],
    "isTemplate": false,
    "count": 0,
    "updated": 1511465086
  },
  {
    "id": "6726793d-a508-4e25-a0ec-cd61a93fefe2",
    "data": [
      {
        "text": "tem outra coisa?",
        "userDefined": false
      }
    ],
    "isTemplate": false,
    "count": 0,
    "updated": 1511465086
  },
  {
    "id": "c1814704-ba1e-4c64-a575-b5e2edc7ed74",
    "data": [
      {
        "text": "não curti",
        "userDefined": false
      }
    ],
    "isTemplate": false,
    "count": 0
  },
  {
    "id": "0c3dcd8b-c89b-4835-8b77-8c1f08bac1c9",
    "data": [
      {
        "text": "Não",
        "userDefined": false
      }
    ],
    "isTemplate": false,
    "count": 0,
    "updated": 1511465086
  },
  {
    "id": "1f41a0e2-1fdf-470a-a6a7-3c67fa516337",
    "data": [
      {
        "text": "Nope",
        "userDefined": false
      }
    ],
    "isTemplate": false,
    "count": 0,
    "updated": 1511465086
  },
  {
    "id": "2f40cec5-b7c3-4ec4-a9a4-c3b73af5e4bf",
    "data": [
      {
        "text": "Não gosto",
        "userDefined": false
      }
    ],
    "isTemplate": false,
    "count": 0,
    "updated": 1511465086
  }
]