[
  {
    "id": "112d90b1-c70f-4551-83bd-71e43822be2b",
    "data": [
      {
        "text": "amarga claro",
        "userDefined": false
      }
    ],
    "isTemplate": false,
    "count": 0
  },
  {
    "id": "1f63da50-3640-4b3f-bdb2-a78948d6b595",
    "data": [
      {
        "text": "amarga",
        "userDefined": false
      }
    ],
    "isTemplate": false,
    "count": 0
  },
  {
    "id": "2f75c6b8-f7c5-4d2a-8557-4470639984ac",
    "data": [
      {
        "text": "Mais",
        "userDefined": false
      }
    ],
    "isTemplate": false,
    "count": 0
  },
  {
    "id": "6e88bb47-2567-4fa1-af5c-daddbd33fa2f",
    "data": [
      {
        "text": "quanto mais amarga melhor",
        "userDefined": false
      }
    ],
    "isTemplate": false,
    "count": 0
  },
  {
    "id": "c43cd365-7ecb-4ab1-9c4c-8e097330d62b",
    "data": [
      {
        "text": "mais amaga",
        "userDefined": false
      }
    ],
    "isTemplate": false,
    "count": 0
  }
]