[
  {
    "id": "55191fc8-f7e6-4f73-b6ae-7b87b936790c",
    "data": [
      {
        "text": "harmonizar cerveja",
        "userDefined": false
      }
    ],
    "isTemplate": false,
    "count": 0
  },
  {
    "id": "38507f71-aba6-452f-8fdd-2c69148286c4",
    "data": [
      {
        "text": "sim",
        "userDefined": false
      }
    ],
    "isTemplate": false,
    "count": 1
  },
  {
    "id": "78152926-7040-4648-8511-bfd208036d45",
    "data": [
      {
        "text": "vamos",
        "userDefined": false
      }
    ],
    "isTemplate": false,
    "count": 2
  },
  {
    "id": "98a358c9-46dc-4da5-8d3b-45773d94c701",
    "data": [
      {
        "text": "Vamos sim",
        "userDefined": false
      }
    ],
    "isTemplate": false,
    "count": 0
  },
  {
    "id": "9bfc59c6-ce04-4912-875a-f5fa8eff64b4",
    "data": [
      {
        "text": "Claro",
        "userDefined": false
      }
    ],
    "isTemplate": false,
    "count": 0
  },
  {
    "id": "4fdd0c10-064a-4f4c-ac76-118262bca7e8",
    "data": [
      {
        "text": "quero harmonizar algum estilo de cerveja",
        "userDefined": false
      }
    ],
    "isTemplate": false,
    "count": 0
  },
  {
    "id": "9e977a2c-1790-4a23-a7bc-05fe66cb232f",
    "data": [
      {
        "text": "quero",
        "userDefined": false
      }
    ],
    "isTemplate": false,
    "count": 0
  },
  {
    "id": "3ad9c75b-ba80-484f-b3ce-d5c793d6129f",
    "data": [
      {
        "text": "quero sim",
        "userDefined": false
      }
    ],
    "isTemplate": false,
    "count": 0
  },
  {
    "id": "a9deac4e-3137-4956-b522-3967f8a00f46",
    "data": [
      {
        "text": "vamos harmonizar algo",
        "userDefined": false
      }
    ],
    "isTemplate": false,
    "count": 0
  },
  {
    "id": "59b9f307-f7a7-4c3c-a350-448e12a373f7",
    "data": [
      {
        "text": "vamos harmonizar alguma coisa",
        "userDefined": false
      }
    ],
    "isTemplate": false,
    "count": 0
  },
  {
    "id": "9be0bf07-d144-43aa-b08d-c12abdc2c8ff",
    "data": [
      {
        "text": "ué vamos",
        "userDefined": false
      }
    ],
    "isTemplate": false,
    "count": 0
  },
  {
    "id": "5050465b-f86f-4ea2-b3f7-5ebb8635b6b5",
    "data": [
      {
        "text": "estou tomando uma ",
        "userDefined": false
      },
      {
        "text": "pilsen",
        "alias": "cerveja_estilo",
        "meta": "@cerveja_estilo",
        "userDefined": true
      },
      {
        "text": " o que eu posso comer",
        "userDefined": false
      }
    ],
    "isTemplate": false,
    "count": 0
  },
  {
    "id": "edc7be04-b8b2-441a-bbda-2a9b958e011a",
    "data": [
      {
        "text": "OI, sim, quero",
        "userDefined": false
      }
    ],
    "isTemplate": false,
    "count": 0
  },
  {
    "id": "09dc1498-0e10-42b8-84af-5abce2431456",
    "data": [
      {
        "text": "Olá, sim",
        "userDefined": false
      }
    ],
    "isTemplate": false,
    "count": 0
  },
  {
    "id": "a52c784d-fd79-43e2-974b-222822f31033",
    "data": [
      {
        "text": "Opa, sim",
        "userDefined": false
      }
    ],
    "isTemplate": false,
    "count": 0
  },
  {
    "id": "7aabe2d7-74d1-4308-8728-c44847ccc6e4",
    "data": [
      {
        "text": "harmonizar cerveja com comida",
        "userDefined": false
      }
    ],
    "isTemplate": false,
    "count": 0
  },
  {
    "id": "d537398e-6cfd-4fd9-88f9-4839470c1482",
    "data": [
      {
        "text": "cerveja ",
        "userDefined": false
      },
      {
        "text": "pilsen",
        "alias": "cerveja_estilo",
        "meta": "@cerveja_estilo",
        "userDefined": false
      }
    ],
    "isTemplate": false,
    "count": 0
  },
  {
    "id": "49a4f355-bac1-4539-808f-eb92eec3e893",
    "data": [
      {
        "text": "Com que posso harmonizar ",
        "userDefined": false
      },
      {
        "text": "uma",
        "meta": "@sys.ignore",
        "userDefined": false
      },
      {
        "text": " cerveja ",
        "userDefined": false
      },
      {
        "text": "stout",
        "alias": "cerveja_estilo",
        "meta": "@cerveja_estilo",
        "userDefined": false
      }
    ],
    "isTemplate": false,
    "count": 0
  },
  {
    "id": "07df6b3b-79ac-4736-862f-b97456a8fa42",
    "data": [
      {
        "text": "harmonizar cerveja ",
        "userDefined": false
      },
      {
        "text": "pilsen",
        "alias": "cerveja_estilo",
        "meta": "@cerveja_estilo",
        "userDefined": false
      }
    ],
    "isTemplate": false,
    "count": 0
  },
  {
    "id": "6a49c52e-1266-402b-a3bb-b98297233e53",
    "data": [
      {
        "text": "quero harmonizar ",
        "userDefined": false
      },
      {
        "text": "uma",
        "meta": "@sys.ignore",
        "userDefined": false
      },
      {
        "text": " cerveja ",
        "userDefined": false
      },
      {
        "text": "pilsen",
        "alias": "cerveja_estilo",
        "meta": "@cerveja_estilo",
        "userDefined": false
      }
    ],
    "isTemplate": false,
    "count": 0
  },
  {
    "id": "5f4cb7cd-0402-4394-9949-2c6c6129a3b4",
    "data": [
      {
        "text": "harmonize ",
        "userDefined": false
      },
      {
        "text": "uma",
        "meta": "@sys.ignore",
        "userDefined": false
      },
      {
        "text": " ",
        "userDefined": false
      },
      {
        "text": "IPA",
        "alias": "cerveja_estilo",
        "meta": "@cerveja_estilo",
        "userDefined": false
      }
    ],
    "isTemplate": false,
    "count": 1
  },
  {
    "id": "5e42ecba-4960-46da-97e9-ef84bb161edc",
    "data": [
      {
        "text": "ok então harmonize ",
        "userDefined": false
      },
      {
        "text": "uma",
        "meta": "@sys.ignore",
        "userDefined": false
      },
      {
        "text": " ",
        "userDefined": false
      },
      {
        "text": "IPA",
        "alias": "cerveja_estilo",
        "meta": "@cerveja_estilo",
        "userDefined": false
      }
    ],
    "isTemplate": false,
    "count": 1
  },
  {
    "id": "ae9507d1-d9a0-4791-bfdb-7ce58732c48c",
    "data": [
      {
        "text": "OK, que tal harmonizar ",
        "userDefined": false
      },
      {
        "text": "uma",
        "meta": "@sys.ignore",
        "userDefined": false
      },
      {
        "text": " ",
        "userDefined": false
      },
      {
        "text": "Pilsen",
        "alias": "cerveja_estilo",
        "meta": "@cerveja_estilo",
        "userDefined": false
      },
      {
        "text": "?",
        "userDefined": false
      }
    ],
    "isTemplate": false,
    "count": 0
  },
  {
    "id": "99378af2-6e05-42b7-be79-912007ef72ad",
    "data": [
      {
        "text": "O que harmoniza com ",
        "userDefined": false
      },
      {
        "text": "IPA",
        "alias": "cerveja_estilo",
        "meta": "@cerveja_estilo",
        "userDefined": true
      },
      {
        "text": "?",
        "userDefined": false
      }
    ],
    "isTemplate": false,
    "count": 0
  },
  {
    "id": "4669b55f-8582-4c65-a476-df7293ec49b1",
    "data": [
      {
        "text": "com que eu posso harmonizar a minha ",
        "userDefined": false
      },
      {
        "text": "IPA",
        "alias": "cerveja_estilo",
        "meta": "@cerveja_estilo",
        "userDefined": false
      },
      {
        "text": "?",
        "userDefined": false
      }
    ],
    "isTemplate": false,
    "count": 0
  },
  {
    "id": "9bf93dd5-eeb1-4607-9032-535e084733c8",
    "data": [
      {
        "text": "Com que posso harmonizar ",
        "userDefined": false
      },
      {
        "text": "uma",
        "meta": "@sys.ignore",
        "userDefined": false
      },
      {
        "text": " ",
        "userDefined": false
      },
      {
        "text": "IPA",
        "alias": "cerveja_estilo",
        "meta": "@cerveja_estilo",
        "userDefined": false
      },
      {
        "text": "?",
        "userDefined": false
      }
    ],
    "isTemplate": false,
    "count": 0
  },
  {
    "id": "c39b4b35-95cf-4eb1-b957-2abe80f73a90",
    "data": [
      {
        "text": "Beleza, então harmoniza ",
        "userDefined": false
      },
      {
        "text": "uma",
        "meta": "@sys.ignore",
        "userDefined": false
      },
      {
        "text": " ",
        "userDefined": false
      },
      {
        "text": "IPA",
        "alias": "cerveja_estilo",
        "meta": "@cerveja_estilo",
        "userDefined": false
      }
    ],
    "isTemplate": false,
    "count": 0
  },
  {
    "id": "b9354212-6f85-4d28-9107-694074a7bec2",
    "data": [
      {
        "text": "O que comer com minha ",
        "userDefined": false
      },
      {
        "text": "IPA",
        "alias": "cerveja_estilo",
        "meta": "@cerveja_estilo",
        "userDefined": false
      },
      {
        "text": "?",
        "userDefined": false
      }
    ],
    "isTemplate": false,
    "count": 1
  },
  {
    "id": "4564ac5e-c19d-4792-ab71-27918b25c5e8",
    "data": [
      {
        "text": "o que harmoniza com ",
        "userDefined": false
      },
      {
        "text": "uma",
        "meta": "@sys.ignore",
        "userDefined": false
      },
      {
        "text": " ",
        "userDefined": false
      },
      {
        "text": "IPA",
        "alias": "cerveja_estilo",
        "meta": "@cerveja_estilo",
        "userDefined": false
      }
    ],
    "isTemplate": false,
    "count": 0
  },
  {
    "id": "7b93c685-a23e-4ff6-8de8-ef29b077d508",
    "data": [
      {
        "text": "então harmoniza ",
        "userDefined": false
      },
      {
        "text": "uma",
        "meta": "@sys.ignore",
        "userDefined": false
      },
      {
        "text": " ",
        "userDefined": false
      },
      {
        "text": "IPA",
        "alias": "cerveja_estilo",
        "meta": "@cerveja_estilo",
        "userDefined": false
      }
    ],
    "isTemplate": false,
    "count": 0
  },
  {
    "id": "3ae9e134-8dcb-4197-a99e-d1a501017f69",
    "data": [
      {
        "text": "Sim quero harmonizar ",
        "userDefined": false
      },
      {
        "text": "uma",
        "meta": "@sys.ignore",
        "userDefined": false
      },
      {
        "text": " ",
        "userDefined": false
      },
      {
        "text": "IPA",
        "alias": "cerveja_estilo",
        "meta": "@cerveja_estilo",
        "userDefined": false
      }
    ],
    "isTemplate": false,
    "count": 0
  },
  {
    "id": "9da7bbfe-de95-4bdc-a3ad-9609bfd1143c",
    "data": [
      {
        "text": "O que combina com ",
        "userDefined": false
      },
      {
        "text": "uma",
        "meta": "@sys.ignore",
        "userDefined": false
      },
      {
        "text": " ",
        "userDefined": false
      },
      {
        "text": "IPA",
        "alias": "cerveja_estilo",
        "meta": "@cerveja_estilo",
        "userDefined": true
      },
      {
        "text": "?",
        "userDefined": false
      }
    ],
    "isTemplate": false,
    "count": 0,
    "updated": 1511376124
  },
  {
    "id": "630af465-3159-4f09-a546-ad9d5d3cc68d",
    "data": [
      {
        "text": "O que harmonizar com ",
        "userDefined": false
      },
      {
        "text": "uma",
        "meta": "@sys.ignore",
        "userDefined": false
      },
      {
        "text": " ",
        "userDefined": false
      },
      {
        "text": "Pilsen",
        "alias": "cerveja_estilo",
        "meta": "@cerveja_estilo",
        "userDefined": false
      },
      {
        "text": "?",
        "userDefined": false
      }
    ],
    "isTemplate": false,
    "count": 0
  },
  {
    "id": "0c5d60b6-1e72-43ba-9564-2619379e78c0",
    "data": [
      {
        "text": "O que comer acompanhado de ",
        "userDefined": false
      },
      {
        "text": "uma",
        "meta": "@sys.ignore",
        "userDefined": false
      },
      {
        "text": " ",
        "userDefined": false
      },
      {
        "text": "IPA",
        "alias": "cerveja_estilo",
        "meta": "@cerveja_estilo",
        "userDefined": true
      },
      {
        "text": "?",
        "userDefined": false
      }
    ],
    "isTemplate": false,
    "count": 0
  },
  {
    "id": "f68a6aa4-d322-4ccb-8de7-464e9684adfd",
    "data": [
      {
        "text": "harmoniza ",
        "userDefined": false
      },
      {
        "text": "uma",
        "meta": "@sys.ignore",
        "userDefined": false
      },
      {
        "text": " ",
        "userDefined": false
      },
      {
        "text": "IPA",
        "alias": "cerveja_estilo",
        "meta": "@cerveja_estilo",
        "userDefined": false
      }
    ],
    "isTemplate": false,
    "count": 0
  },
  {
    "id": "fefa1363-4b8b-4790-9841-93418cbfd3d7",
    "data": [
      {
        "text": "OK, o que harmonizar com ",
        "userDefined": false
      },
      {
        "text": "IPA",
        "alias": "cerveja_estilo",
        "meta": "@cerveja_estilo",
        "userDefined": false
      }
    ],
    "isTemplate": false,
    "count": 0
  },
  {
    "id": "1b36fcdf-abb0-4aac-9221-bdc2e6b8e560",
    "data": [
      {
        "text": "Harmonizar ",
        "userDefined": false
      },
      {
        "text": "IPA",
        "alias": "cerveja_estilo",
        "meta": "@cerveja_estilo",
        "userDefined": false
      }
    ],
    "isTemplate": false,
    "count": 0
  },
  {
    "id": "c986116f-a65a-4e69-ab0b-2aa4e201e7e6",
    "data": [
      {
        "text": "Tenho ",
        "userDefined": false
      },
      {
        "text": "uma",
        "meta": "@sys.ignore",
        "userDefined": false
      },
      {
        "text": " ",
        "userDefined": false
      },
      {
        "text": "IPA",
        "alias": "cerveja_estilo",
        "meta": "@cerveja_estilo",
        "userDefined": true
      },
      {
        "text": ", o que posso comer para harmonizar?",
        "userDefined": false
      }
    ],
    "isTemplate": false,
    "count": 0
  },
  {
    "id": "1b542235-55df-4dea-95a9-86f65ab7a028",
    "data": [
      {
        "text": "Tá bom, o que harmonizar com ",
        "userDefined": false
      },
      {
        "text": "IPA",
        "alias": "cerveja_estilo",
        "meta": "@cerveja_estilo",
        "userDefined": false
      }
    ],
    "isTemplate": false,
    "count": 0
  },
  {
    "id": "e51bef7f-427a-4022-8af5-4f88718134ba",
    "data": [
      {
        "text": "Sim, ",
        "userDefined": false
      },
      {
        "text": "IPA",
        "alias": "cerveja_estilo",
        "meta": "@cerveja_estilo",
        "userDefined": false
      }
    ],
    "isTemplate": false,
    "count": 0
  },
  {
    "id": "95a71ac7-5cae-4616-80ec-5307998fc16b",
    "data": [
      {
        "text": "sim, vamos harmonize ",
        "userDefined": false
      },
      {
        "text": "uma",
        "meta": "@sys.ignore",
        "userDefined": false
      },
      {
        "text": " ",
        "userDefined": false
      },
      {
        "text": "IPA",
        "alias": "cerveja_estilo",
        "meta": "@cerveja_estilo",
        "userDefined": false
      }
    ],
    "isTemplate": false,
    "count": 1
  },
  {
    "id": "22f69ef7-7873-4878-8fe7-d14ef8973e0a",
    "data": [
      {
        "text": "O que combinar com ",
        "userDefined": false
      },
      {
        "text": "uma",
        "meta": "@sys.ignore",
        "userDefined": false
      },
      {
        "text": " ",
        "userDefined": false
      },
      {
        "text": "IPA",
        "alias": "cerveja_estilo",
        "meta": "@cerveja_estilo",
        "userDefined": false
      },
      {
        "text": "?",
        "userDefined": false
      }
    ],
    "isTemplate": false,
    "count": 0
  },
  {
    "id": "3709f6ba-de24-4ef5-8458-216228705c1a",
    "data": [
      {
        "text": "IPA",
        "alias": "cerveja_estilo",
        "meta": "@cerveja_estilo",
        "userDefined": false
      }
    ],
    "isTemplate": false,
    "count": 1
  },
  {
    "id": "46433ccc-f2d4-4487-b698-df3743b99585",
    "data": [
      {
        "text": "O que comer com ",
        "userDefined": false
      },
      {
        "text": "uma",
        "meta": "@sys.ignore",
        "userDefined": false
      },
      {
        "text": " ",
        "userDefined": false
      },
      {
        "text": "IPA",
        "alias": "cerveja_estilo",
        "meta": "@cerveja_estilo",
        "userDefined": false
      },
      {
        "text": "?",
        "userDefined": false
      }
    ],
    "isTemplate": false,
    "count": 0
  }
]