[
  {
    "id": "f2849536-3ff0-48b4-b68a-e0b668186674",
    "data": [
      {
        "text": "interesso",
        "userDefined": false
      }
    ],
    "isTemplate": false,
    "count": 0
  },
  {
    "id": "0a25d158-dc59-43c0-8550-183ffc0f070e",
    "data": [
      {
        "text": "maravilha",
        "userDefined": false
      }
    ],
    "isTemplate": false,
    "count": 1
  },
  {
    "id": "e6d4a77f-011f-4e36-b7b7-4a74a7450f5f",
    "data": [
      {
        "text": "Parece mesmo hein",
        "userDefined": false
      }
    ],
    "isTemplate": false,
    "count": 0
  },
  {
    "id": "12b50a02-f4b1-49e5-8100-5d2594a7ea1d",
    "data": [
      {
        "text": "parece",
        "userDefined": false
      }
    ],
    "isTemplate": false,
    "count": 1
  },
  {
    "id": "6cd37885-0814-4e02-a6dd-07b03c4a4840",
    "data": [
      {
        "text": "Excelente",
        "userDefined": false
      }
    ],
    "isTemplate": false,
    "count": 0
  },
  {
    "id": "3af099f2-795a-4589-8ab6-8ceff81fad36",
    "data": [
      {
        "text": "bom",
        "userDefined": false
      }
    ],
    "isTemplate": false,
    "count": 1
  },
  {
    "id": "153a3af5-462e-41b5-9f86-6b850b180d00",
    "data": [
      {
        "text": "beleza",
        "userDefined": false
      }
    ],
    "isTemplate": false,
    "count": 0
  },
  {
    "id": "48f21ff0-8a0c-48ff-97ac-100bd6f3a6a6",
    "data": [
      {
        "text": "Interessa",
        "userDefined": false
      }
    ],
    "isTemplate": false,
    "count": 0
  },
  {
    "id": "b35ed47e-5a21-4235-91d7-9f76d79a4890",
    "data": [
      {
        "text": "pode ser",
        "userDefined": false
      }
    ],
    "isTemplate": false,
    "count": 0
  },
  {
    "id": "80362ab2-186a-45ec-a543-ac1e4faca367",
    "data": [
      {
        "text": "parece gostoso",
        "userDefined": false
      }
    ],
    "isTemplate": false,
    "count": 1
  },
  {
    "id": "b19dffff-6d6c-4a2e-9ad9-118d84e69f44",
    "data": [
      {
        "text": "opa, valeu",
        "userDefined": false
      }
    ],
    "isTemplate": false,
    "count": 1
  },
  {
    "id": "29bd81ff-6308-480f-bb93-c0a8c96ddc71",
    "data": [
      {
        "text": "melhor",
        "userDefined": false
      }
    ],
    "isTemplate": false,
    "count": 0
  },
  {
    "id": "a2999b09-1b83-4caa-8cce-a0c7b9881c0f",
    "data": [
      {
        "text": "parece bom",
        "userDefined": false
      }
    ],
    "isTemplate": false,
    "count": 0
  },
  {
    "id": "3fd82853-1159-48ea-9390-457b26c4acb5",
    "data": [
      {
        "text": "Bom demais",
        "userDefined": false
      }
    ],
    "isTemplate": false,
    "count": 0
  },
  {
    "id": "a6497fd9-7b8e-40c4-8b68-01a496073f0c",
    "data": [
      {
        "text": "Curti sim",
        "userDefined": false
      }
    ],
    "isTemplate": false,
    "count": 0
  },
  {
    "id": "6d9126f4-0093-4a87-9b47-a92a5d708339",
    "data": [
      {
        "text": "Sim, interessa",
        "userDefined": false
      }
    ],
    "isTemplate": false,
    "count": 0
  },
  {
    "id": "ce240f56-3fa8-475e-898d-8698293ca70e",
    "data": [
      {
        "text": "obrigado",
        "userDefined": false
      }
    ],
    "isTemplate": false,
    "count": 0,
    "updated": 1511466688
  },
  {
    "id": "f4eccac8-b03c-4a24-88a1-46ddadc02c74",
    "data": [
      {
        "text": "Aí você falou",
        "userDefined": false
      }
    ],
    "isTemplate": false,
    "count": 0
  },
  {
    "id": "9d01b0af-917d-45ff-bff0-9aeefbb6c551",
    "data": [
      {
        "text": "sim me interesso",
        "userDefined": false
      }
    ],
    "isTemplate": false,
    "count": 0
  },
  {
    "id": "8fe34d12-9f30-45d6-9adf-065c032a3981",
    "data": [
      {
        "text": "curti",
        "userDefined": false
      }
    ],
    "isTemplate": false,
    "count": 0
  },
  {
    "id": "2f2a9c65-ae07-4caf-92c4-724e8fa16e76",
    "data": [
      {
        "text": "valeu",
        "userDefined": false
      }
    ],
    "isTemplate": false,
    "count": 0,
    "updated": 1511466688
  },
  {
    "id": "06b78452-8ade-42d0-a126-37c1fc265f0f",
    "data": [
      {
        "text": "Parece mesmo",
        "userDefined": false
      }
    ],
    "isTemplate": false,
    "count": 0
  },
  {
    "id": "adaf69e4-2446-4033-af13-203755d916b1",
    "data": [
      {
        "text": "Sim obrigado",
        "userDefined": false
      }
    ],
    "isTemplate": false,
    "count": 0,
    "updated": 1511466688
  },
  {
    "id": "da566a7c-5a1c-4fd7-ba32-6b218ea91615",
    "data": [
      {
        "text": "delícia",
        "userDefined": false
      }
    ],
    "isTemplate": false,
    "count": 0
  },
  {
    "id": "dd3aaffd-23d3-4329-ab44-10fa1f2b4eca",
    "data": [
      {
        "text": "aí eu quero",
        "userDefined": false
      }
    ],
    "isTemplate": false,
    "count": 1
  },
  {
    "id": "b6d18fcb-a509-42f0-b03c-99edcf82915c",
    "data": [
      {
        "text": "ok",
        "userDefined": false
      }
    ],
    "isTemplate": false,
    "count": 0,
    "updated": 1511466688
  },
  {
    "id": "02379c50-6332-403d-929f-09ff972b25ba",
    "data": [
      {
        "text": "legal",
        "userDefined": false
      }
    ],
    "isTemplate": false,
    "count": 1
  },
  {
    "id": "b01d68a6-c8b3-4542-8276-82dc5c00a603",
    "data": [
      {
        "text": "perfeito",
        "userDefined": false
      }
    ],
    "isTemplate": false,
    "count": 0
  },
  {
    "id": "55e715a0-7811-452a-b995-9b24f49ea308",
    "data": [
      {
        "text": "delícia hein?",
        "userDefined": false
      }
    ],
    "isTemplate": false,
    "count": 0
  },
  {
    "id": "23fa9f2d-f1ce-4d3f-9314-37dfd103712f",
    "data": [
      {
        "text": "Aí sim",
        "userDefined": false
      }
    ],
    "isTemplate": false,
    "count": 0
  },
  {
    "id": "103850df-1497-467b-95d8-5c56c0cc8815",
    "data": [
      {
        "text": "vamos",
        "userDefined": false
      }
    ],
    "isTemplate": false,
    "count": 0,
    "updated": 1519138217
  },
  {
    "id": "6c01a3f8-e8e1-4b99-a243-47d54c36e051",
    "data": [
      {
        "text": "Sim",
        "userDefined": false
      }
    ],
    "isTemplate": false,
    "count": 0,
    "updated": 1511466688
  },
  {
    "id": "9a78bc96-ac67-4b8a-a332-c544a755b58c",
    "data": [
      {
        "text": "Gostoso",
        "userDefined": false
      }
    ],
    "isTemplate": false,
    "count": 0
  },
  {
    "id": "ed897e95-ca50-4525-a1b9-f2cfa45ea274",
    "data": [
      {
        "text": "muito obrigado",
        "userDefined": false
      }
    ],
    "isTemplate": false,
    "count": 0,
    "updated": 1511466688
  }
]