[
  {
    "id": "f330cdc1-bb6d-4342-8b4c-2eca40730129",
    "data": [
      {
        "text": "não gosto de amargor",
        "userDefined": false
      }
    ],
    "isTemplate": false,
    "count": 1
  },
  {
    "id": "23b48675-27c5-4f48-8b71-d041a18f6288",
    "data": [
      {
        "text": "não gosto de amargo",
        "userDefined": false
      }
    ],
    "isTemplate": false,
    "count": 0
  },
  {
    "id": "1d0ad186-5229-45a2-8009-da663cb0c9b3",
    "data": [
      {
        "text": "menos amarga",
        "userDefined": false
      }
    ],
    "isTemplate": false,
    "count": 0
  },
  {
    "id": "917ccefd-d42b-4878-b011-9e670287d4fe",
    "data": [
      {
        "text": "menos",
        "userDefined": false
      }
    ],
    "isTemplate": false,
    "count": 0
  }
]