[
  {
    "id": "3b58d35b-f041-4600-a115-a1a4c73ff877",
    "data": [
      {
        "text": "tem outra",
        "userDefined": false
      }
    ],
    "isTemplate": false,
    "count": 0,
    "updated": 1513697841
  },
  {
    "id": "626c1200-9611-463c-b173-0af814544066",
    "data": [
      {
        "text": "o que mais",
        "userDefined": false
      }
    ],
    "isTemplate": false,
    "count": 0,
    "updated": 1513697841
  },
  {
    "id": "547fefee-87f1-469b-91bf-4ed462e75a31",
    "data": [
      {
        "text": "não quero não",
        "userDefined": false
      }
    ],
    "isTemplate": false,
    "count": 0,
    "updated": 1513697841
  },
  {
    "id": "6bc7947d-7060-4bd9-bf24-ac2f9a20f878",
    "data": [
      {
        "text": "não",
        "userDefined": false
      }
    ],
    "isTemplate": false,
    "count": 0,
    "updated": 1513697841
  }
]