[
  {
    "id": "dea9b3cb-1617-4634-ac17-85ffd0fff50d",
    "data": [
      {
        "text": "não não",
        "userDefined": false
      }
    ],
    "isTemplate": false,
    "count": 0,
    "updated": 1511785839
  },
  {
    "id": "2ed43fff-902f-4cd1-b5dc-67b9c6f69825",
    "data": [
      {
        "text": "ainda não",
        "userDefined": false
      }
    ],
    "isTemplate": false,
    "count": 0
  },
  {
    "id": "8910d06b-9b04-4476-b4cd-1aedfa3e4e40",
    "data": [
      {
        "text": "Não tenho",
        "userDefined": false
      }
    ],
    "isTemplate": false,
    "count": 0,
    "updated": 1511785839
  },
  {
    "id": "5acf7344-b330-4574-aaf9-3cc874dc78fb",
    "data": [
      {
        "text": "puts não tenho",
        "userDefined": false
      }
    ],
    "isTemplate": false,
    "count": 0,
    "updated": 1511785839
  },
  {
    "id": "3ba0761f-ed71-492b-8221-9293c4a3a477",
    "data": [
      {
        "text": "errado",
        "userDefined": false
      }
    ],
    "isTemplate": false,
    "count": 0
  },
  {
    "id": "bd7ae4a7-63b1-442a-b85a-3296748a7f55",
    "data": [
      {
        "text": "puts, não",
        "userDefined": false
      }
    ],
    "isTemplate": false,
    "count": 0,
    "updated": 1511785839
  },
  {
    "id": "a174ee6a-7397-4fe0-9e5b-9c59fa537600",
    "data": [
      {
        "text": "Não",
        "userDefined": false
      }
    ],
    "isTemplate": false,
    "count": 0,
    "updated": 1511785839
  }
]