[
  {
    "id": "ff8927fd-93d3-44c8-8943-c837d7646f64",
    "data": [
      {
        "text": "eu quero saber mais",
        "userDefined": false
      }
    ],
    "isTemplate": false,
    "count": 0
  },
  {
    "id": "9f693f3e-8485-4775-be1a-99288c6e25cf",
    "data": [
      {
        "text": "quero saber mais sobre harmonização de cerveja",
        "userDefined": false
      }
    ],
    "isTemplate": false,
    "count": 0
  },
  {
    "id": "fc305f98-a8b3-4c49-b95e-3529e3a9427d",
    "data": [
      {
        "text": "tá eu quero saber",
        "userDefined": false
      }
    ],
    "isTemplate": false,
    "count": 0
  },
  {
    "id": "f43bcdfa-1dc2-4d87-9a0e-1d52bcd321e9",
    "data": [
      {
        "text": "o que vc faz",
        "userDefined": false
      }
    ],
    "isTemplate": false,
    "count": 0,
    "updated": 1511787584
  },
  {
    "id": "132a4706-cdd9-434c-92a2-c18b0b3275d9",
    "data": [
      {
        "text": "não sei o que falar",
        "userDefined": false
      }
    ],
    "isTemplate": false,
    "count": 0,
    "updated": 1511787584
  },
  {
    "id": "4d456e12-2284-45ed-81f9-69435d1ee200",
    "data": [
      {
        "text": "quero saber",
        "userDefined": false
      }
    ],
    "isTemplate": false,
    "count": 0
  },
  {
    "id": "1d5409f1-deb6-4a6d-982e-0194ebe20751",
    "data": [
      {
        "text": "o que que você faz",
        "userDefined": false
      }
    ],
    "isTemplate": false,
    "count": 0
  },
  {
    "id": "a74db3a9-f13b-496f-b9e1-a9d702a96c77",
    "data": [
      {
        "text": "nao sei o que dizer",
        "userDefined": false
      }
    ],
    "isTemplate": false,
    "count": 1
  },
  {
    "id": "01aa7692-a732-4326-bc9d-770f2422a13b",
    "data": [
      {
        "text": "Quero saber sobre harmonização de cerveja",
        "userDefined": false
      }
    ],
    "isTemplate": false,
    "count": 0
  },
  {
    "id": "2015a4e6-da11-400a-9ddb-d64cbec5b308",
    "data": [
      {
        "text": "nada",
        "userDefined": false
      }
    ],
    "isTemplate": false,
    "count": 0
  },
  {
    "id": "f5cdb96b-c5db-41aa-b0a9-e7c2ad69579f",
    "data": [
      {
        "text": "perguntar o que",
        "userDefined": false
      }
    ],
    "isTemplate": false,
    "count": 0
  },
  {
    "id": "2691cd71-b757-4b20-a849-5dd2c2e77b22",
    "data": [
      {
        "text": "o que perguntar",
        "userDefined": false
      }
    ],
    "isTemplate": false,
    "count": 0,
    "updated": 1511787584
  },
  {
    "id": "2a0b51c9-6881-4dd7-be26-8a3c54b71d19",
    "data": [
      {
        "text": "mando nada",
        "userDefined": false
      }
    ],
    "isTemplate": false,
    "count": 0
  },
  {
    "id": "1f4d68ef-fa1c-42e4-9014-28ca34b5cfad",
    "data": [
      {
        "text": "o que falar",
        "userDefined": false
      }
    ],
    "isTemplate": false,
    "count": 0,
    "updated": 1511787584
  },
  {
    "id": "b3e6d631-aab2-4570-b934-dc2c2ba37621",
    "data": [
      {
        "text": "o que você sabe fazer",
        "userDefined": false
      }
    ],
    "isTemplate": false,
    "count": 0,
    "updated": 1511787584
  },
  {
    "id": "4c0c854f-34c3-4ba9-84e2-96751eb04663",
    "data": [
      {
        "text": "o que que você quer que eu diga",
        "userDefined": false
      }
    ],
    "isTemplate": false,
    "count": 0
  }
]