[
  {
    "id": "7697598f-a549-4de0-8ef0-5c7a1ee3579b",
    "data": [
      {
        "text": "eu gosto de cerveja ",
        "userDefined": false
      },
      {
        "text": "Heineken",
        "alias": "marca",
        "meta": "@marca",
        "userDefined": false
      }
    ],
    "isTemplate": false,
    "count": 0
  },
  {
    "id": "8dc3c5ee-87b6-4419-a5d9-8042a352b996",
    "data": [
      {
        "text": "quero ",
        "userDefined": false
      },
      {
        "text": "skol",
        "alias": "marca",
        "meta": "@marca",
        "userDefined": false
      }
    ],
    "isTemplate": false,
    "count": 0
  },
  {
    "id": "99ffef9c-54f1-4efb-8b09-a99efa8c8361",
    "data": [
      {
        "text": "sim, ",
        "userDefined": false
      },
      {
        "text": "uma",
        "meta": "@sys.ignore",
        "userDefined": false
      },
      {
        "text": " ",
        "userDefined": false
      },
      {
        "text": "skol",
        "alias": "marca",
        "meta": "@marca",
        "userDefined": false
      }
    ],
    "isTemplate": false,
    "count": 0
  },
  {
    "id": "511d847c-cbd2-442b-b4e3-919fc074d912",
    "data": [
      {
        "text": "Skol",
        "alias": "marca",
        "meta": "@marca",
        "userDefined": false
      }
    ],
    "isTemplate": false,
    "count": 0
  }
]