[
  {
    "id": "d29c5139-5f3f-42c2-9e64-21baaf2f6f6d",
    "data": [
      {
        "text": "harmonizar cerveja",
        "userDefined": false
      }
    ],
    "isTemplate": false,
    "count": 0
  },
  {
    "id": "2120f7e7-aff4-4404-9143-a38b78061596",
    "data": [
      {
        "text": "sim",
        "userDefined": false
      }
    ],
    "isTemplate": false,
    "count": 1
  },
  {
    "id": "d0bd0abb-af27-437e-99f0-2039bc1c0706",
    "data": [
      {
        "text": "vamos",
        "userDefined": false
      }
    ],
    "isTemplate": false,
    "count": 2
  },
  {
    "id": "62532be2-03aa-4c60-be3b-c5af56a92aad",
    "data": [
      {
        "text": "Vamos sim",
        "userDefined": false
      }
    ],
    "isTemplate": false,
    "count": 0
  },
  {
    "id": "283434ed-d888-4b85-972c-1dcdc6228167",
    "data": [
      {
        "text": "Claro",
        "userDefined": false
      }
    ],
    "isTemplate": false,
    "count": 0
  },
  {
    "id": "f0cd5c8a-db77-4654-b0d5-8a0ac381a732",
    "data": [
      {
        "text": "quero harmonizar algum estilo de cerveja",
        "userDefined": false
      }
    ],
    "isTemplate": false,
    "count": 0
  },
  {
    "id": "2d544d6e-127e-4eff-827e-c508c4d13331",
    "data": [
      {
        "text": "quero",
        "userDefined": false
      }
    ],
    "isTemplate": false,
    "count": 0
  },
  {
    "id": "e77fd349-e85f-40d5-ae12-46193835e3e0",
    "data": [
      {
        "text": "quero sim",
        "userDefined": false
      }
    ],
    "isTemplate": false,
    "count": 0
  },
  {
    "id": "4a11dfdd-4f1e-4688-9f69-42937519326f",
    "data": [
      {
        "text": "vamos harmonizar algo",
        "userDefined": false
      }
    ],
    "isTemplate": false,
    "count": 0
  },
  {
    "id": "920d8784-61a7-4644-9999-4aeef5240d29",
    "data": [
      {
        "text": "vamos harmonizar alguma coisa",
        "userDefined": false
      }
    ],
    "isTemplate": false,
    "count": 0
  },
  {
    "id": "b9e31ec2-d148-4def-b7e8-c537ad024916",
    "data": [
      {
        "text": "ué vamos",
        "userDefined": false
      }
    ],
    "isTemplate": false,
    "count": 0
  },
  {
    "id": "f30f6497-13bd-4ad4-a4eb-f44eaaf63466",
    "data": [
      {
        "text": "estou tomando uma ",
        "userDefined": false
      },
      {
        "text": "pilsen",
        "alias": "cerveja_estilo",
        "meta": "@cerveja_estilo",
        "userDefined": true
      },
      {
        "text": " o que eu posso comer",
        "userDefined": false
      }
    ],
    "isTemplate": false,
    "count": 0
  },
  {
    "id": "65a19fe5-ab34-477a-b08a-795da05e5248",
    "data": [
      {
        "text": "OI, sim, quero",
        "userDefined": false
      }
    ],
    "isTemplate": false,
    "count": 0
  },
  {
    "id": "65a3b612-ef64-45a7-a8be-877ca9abcbf9",
    "data": [
      {
        "text": "Olá, sim",
        "userDefined": false
      }
    ],
    "isTemplate": false,
    "count": 0
  },
  {
    "id": "abdfb3ee-115b-4201-83b7-cb9d28af7893",
    "data": [
      {
        "text": "Opa, sim",
        "userDefined": false
      }
    ],
    "isTemplate": false,
    "count": 0
  },
  {
    "id": "cafbcb9f-d003-4bc8-9592-6a5a0282e037",
    "data": [
      {
        "text": "harmonizar cerveja com comida",
        "userDefined": false
      }
    ],
    "isTemplate": false,
    "count": 0
  },
  {
    "id": "d0308bdb-6c58-4b90-85ca-f13019bb13fc",
    "data": [
      {
        "text": "cerveja ",
        "userDefined": false
      },
      {
        "text": "pilsen",
        "alias": "cerveja_estilo",
        "meta": "@cerveja_estilo",
        "userDefined": false
      }
    ],
    "isTemplate": false,
    "count": 0
  },
  {
    "id": "a5d0d85e-9e14-4cd1-9f9d-2a3cb5026381",
    "data": [
      {
        "text": "Com que posso harmonizar ",
        "userDefined": false
      },
      {
        "text": "uma",
        "meta": "@sys.ignore",
        "userDefined": false
      },
      {
        "text": " cerveja ",
        "userDefined": false
      },
      {
        "text": "stout",
        "alias": "cerveja_estilo",
        "meta": "@cerveja_estilo",
        "userDefined": false
      }
    ],
    "isTemplate": false,
    "count": 0
  },
  {
    "id": "d1680ecf-e5a1-492e-bf8e-ba5d81663ea9",
    "data": [
      {
        "text": "harmonizar cerveja ",
        "userDefined": false
      },
      {
        "text": "pilsen",
        "alias": "cerveja_estilo",
        "meta": "@cerveja_estilo",
        "userDefined": false
      }
    ],
    "isTemplate": false,
    "count": 0
  },
  {
    "id": "b99dedd3-120a-4a33-831d-7a2d43619258",
    "data": [
      {
        "text": "quero harmonizar ",
        "userDefined": false
      },
      {
        "text": "uma",
        "meta": "@sys.ignore",
        "userDefined": false
      },
      {
        "text": " cerveja ",
        "userDefined": false
      },
      {
        "text": "pilsen",
        "alias": "cerveja_estilo",
        "meta": "@cerveja_estilo",
        "userDefined": false
      }
    ],
    "isTemplate": false,
    "count": 0
  },
  {
    "id": "333f2800-1a5b-459c-94ab-4f1f54e1cffb",
    "data": [
      {
        "text": "harmonize ",
        "userDefined": false
      },
      {
        "text": "uma",
        "meta": "@sys.ignore",
        "userDefined": false
      },
      {
        "text": " ",
        "userDefined": false
      },
      {
        "text": "IPA",
        "alias": "cerveja_estilo",
        "meta": "@cerveja_estilo",
        "userDefined": false
      }
    ],
    "isTemplate": false,
    "count": 1
  },
  {
    "id": "2cb8b3ff-bddc-425f-b6e9-64520be69742",
    "data": [
      {
        "text": "ok então harmonize ",
        "userDefined": false
      },
      {
        "text": "uma",
        "meta": "@sys.ignore",
        "userDefined": false
      },
      {
        "text": " ",
        "userDefined": false
      },
      {
        "text": "IPA",
        "alias": "cerveja_estilo",
        "meta": "@cerveja_estilo",
        "userDefined": false
      }
    ],
    "isTemplate": false,
    "count": 1
  },
  {
    "id": "a87fbd16-831a-4a3e-a98d-af1cbdbf6b6b",
    "data": [
      {
        "text": "OK, que tal harmonizar ",
        "userDefined": false
      },
      {
        "text": "uma",
        "meta": "@sys.ignore",
        "userDefined": false
      },
      {
        "text": " ",
        "userDefined": false
      },
      {
        "text": "Pilsen",
        "alias": "cerveja_estilo",
        "meta": "@cerveja_estilo",
        "userDefined": false
      },
      {
        "text": "?",
        "userDefined": false
      }
    ],
    "isTemplate": false,
    "count": 0
  },
  {
    "id": "eebb1a27-9769-48be-80fb-6bc448bb9327",
    "data": [
      {
        "text": "O que harmoniza com ",
        "userDefined": false
      },
      {
        "text": "IPA",
        "alias": "cerveja_estilo",
        "meta": "@cerveja_estilo",
        "userDefined": true
      },
      {
        "text": "?",
        "userDefined": false
      }
    ],
    "isTemplate": false,
    "count": 0
  },
  {
    "id": "b64285a6-95aa-4e31-88ae-305c9d346962",
    "data": [
      {
        "text": "com que eu posso harmonizar a minha ",
        "userDefined": false
      },
      {
        "text": "IPA",
        "alias": "cerveja_estilo",
        "meta": "@cerveja_estilo",
        "userDefined": false
      },
      {
        "text": "?",
        "userDefined": false
      }
    ],
    "isTemplate": false,
    "count": 0
  },
  {
    "id": "81382f75-ec1d-4d41-942a-9e74d14a9d54",
    "data": [
      {
        "text": "Com que posso harmonizar ",
        "userDefined": false
      },
      {
        "text": "uma",
        "meta": "@sys.ignore",
        "userDefined": false
      },
      {
        "text": " ",
        "userDefined": false
      },
      {
        "text": "IPA",
        "alias": "cerveja_estilo",
        "meta": "@cerveja_estilo",
        "userDefined": false
      },
      {
        "text": "?",
        "userDefined": false
      }
    ],
    "isTemplate": false,
    "count": 0
  },
  {
    "id": "501de6b1-6cc0-4ce8-b16b-0bf290dff39e",
    "data": [
      {
        "text": "Beleza, então harmoniza ",
        "userDefined": false
      },
      {
        "text": "uma",
        "meta": "@sys.ignore",
        "userDefined": false
      },
      {
        "text": " ",
        "userDefined": false
      },
      {
        "text": "IPA",
        "alias": "cerveja_estilo",
        "meta": "@cerveja_estilo",
        "userDefined": false
      }
    ],
    "isTemplate": false,
    "count": 0
  },
  {
    "id": "f6ed5745-a501-4c6d-98ac-0cc4cb431de4",
    "data": [
      {
        "text": "O que comer com minha ",
        "userDefined": false
      },
      {
        "text": "IPA",
        "alias": "cerveja_estilo",
        "meta": "@cerveja_estilo",
        "userDefined": false
      },
      {
        "text": "?",
        "userDefined": false
      }
    ],
    "isTemplate": false,
    "count": 1
  },
  {
    "id": "dbc84aeb-99c0-48a6-8f78-4ad9623528cd",
    "data": [
      {
        "text": "o que harmoniza com ",
        "userDefined": false
      },
      {
        "text": "uma",
        "meta": "@sys.ignore",
        "userDefined": false
      },
      {
        "text": " ",
        "userDefined": false
      },
      {
        "text": "IPA",
        "alias": "cerveja_estilo",
        "meta": "@cerveja_estilo",
        "userDefined": false
      }
    ],
    "isTemplate": false,
    "count": 0
  },
  {
    "id": "27b07503-1dc2-45c8-af5b-35dc876bdeaf",
    "data": [
      {
        "text": "então harmoniza ",
        "userDefined": false
      },
      {
        "text": "uma",
        "meta": "@sys.ignore",
        "userDefined": false
      },
      {
        "text": " ",
        "userDefined": false
      },
      {
        "text": "IPA",
        "alias": "cerveja_estilo",
        "meta": "@cerveja_estilo",
        "userDefined": false
      }
    ],
    "isTemplate": false,
    "count": 0
  },
  {
    "id": "87308fc1-93c9-4a41-ac92-419f3bc16c88",
    "data": [
      {
        "text": "Sim quero harmonizar ",
        "userDefined": false
      },
      {
        "text": "uma",
        "meta": "@sys.ignore",
        "userDefined": false
      },
      {
        "text": " ",
        "userDefined": false
      },
      {
        "text": "IPA",
        "alias": "cerveja_estilo",
        "meta": "@cerveja_estilo",
        "userDefined": false
      }
    ],
    "isTemplate": false,
    "count": 0
  },
  {
    "id": "3e666b5c-54a3-4e17-942b-2e1e42d2a6ed",
    "data": [
      {
        "text": "O que combina com ",
        "userDefined": false
      },
      {
        "text": "uma",
        "meta": "@sys.ignore",
        "userDefined": false
      },
      {
        "text": " ",
        "userDefined": false
      },
      {
        "text": "IPA",
        "alias": "cerveja_estilo",
        "meta": "@cerveja_estilo",
        "userDefined": true
      },
      {
        "text": "?",
        "userDefined": false
      }
    ],
    "isTemplate": false,
    "count": 0,
    "updated": 1511376124
  },
  {
    "id": "d9ce7ce5-5b25-4353-8998-f61abbbd3101",
    "data": [
      {
        "text": "O que harmonizar com ",
        "userDefined": false
      },
      {
        "text": "uma",
        "meta": "@sys.ignore",
        "userDefined": false
      },
      {
        "text": " ",
        "userDefined": false
      },
      {
        "text": "Pilsen",
        "alias": "cerveja_estilo",
        "meta": "@cerveja_estilo",
        "userDefined": false
      },
      {
        "text": "?",
        "userDefined": false
      }
    ],
    "isTemplate": false,
    "count": 0
  },
  {
    "id": "a96703ec-3e63-4064-91d1-ce56a6b900df",
    "data": [
      {
        "text": "O que comer acompanhado de ",
        "userDefined": false
      },
      {
        "text": "uma",
        "meta": "@sys.ignore",
        "userDefined": false
      },
      {
        "text": " ",
        "userDefined": false
      },
      {
        "text": "IPA",
        "alias": "cerveja_estilo",
        "meta": "@cerveja_estilo",
        "userDefined": true
      },
      {
        "text": "?",
        "userDefined": false
      }
    ],
    "isTemplate": false,
    "count": 0
  },
  {
    "id": "59cace02-3223-488e-b3d5-4af2cd455af8",
    "data": [
      {
        "text": "harmoniza ",
        "userDefined": false
      },
      {
        "text": "uma",
        "meta": "@sys.ignore",
        "userDefined": false
      },
      {
        "text": " ",
        "userDefined": false
      },
      {
        "text": "IPA",
        "alias": "cerveja_estilo",
        "meta": "@cerveja_estilo",
        "userDefined": false
      }
    ],
    "isTemplate": false,
    "count": 0
  },
  {
    "id": "fa74966a-ab22-4d35-8278-2f790bf1dac0",
    "data": [
      {
        "text": "OK, o que harmonizar com ",
        "userDefined": false
      },
      {
        "text": "IPA",
        "alias": "cerveja_estilo",
        "meta": "@cerveja_estilo",
        "userDefined": false
      }
    ],
    "isTemplate": false,
    "count": 0
  },
  {
    "id": "562c7680-1306-4b59-8f05-5b0f0f5ff0e9",
    "data": [
      {
        "text": "Harmonizar ",
        "userDefined": false
      },
      {
        "text": "IPA",
        "alias": "cerveja_estilo",
        "meta": "@cerveja_estilo",
        "userDefined": false
      }
    ],
    "isTemplate": false,
    "count": 0
  },
  {
    "id": "cc3e0c5c-ca96-4b80-87ea-df55ca870fa0",
    "data": [
      {
        "text": "Tenho ",
        "userDefined": false
      },
      {
        "text": "uma",
        "meta": "@sys.ignore",
        "userDefined": false
      },
      {
        "text": " ",
        "userDefined": false
      },
      {
        "text": "IPA",
        "alias": "cerveja_estilo",
        "meta": "@cerveja_estilo",
        "userDefined": true
      },
      {
        "text": ", o que posso comer para harmonizar?",
        "userDefined": false
      }
    ],
    "isTemplate": false,
    "count": 0
  },
  {
    "id": "3d3f9e92-e1f2-40bf-a75e-e96a3947a0b2",
    "data": [
      {
        "text": "Tá bom, o que harmonizar com ",
        "userDefined": false
      },
      {
        "text": "IPA",
        "alias": "cerveja_estilo",
        "meta": "@cerveja_estilo",
        "userDefined": false
      }
    ],
    "isTemplate": false,
    "count": 0
  },
  {
    "id": "ac6ca0b8-8fd1-47f9-b715-7fa70511ea32",
    "data": [
      {
        "text": "Sim, ",
        "userDefined": false
      },
      {
        "text": "IPA",
        "alias": "cerveja_estilo",
        "meta": "@cerveja_estilo",
        "userDefined": false
      }
    ],
    "isTemplate": false,
    "count": 0
  },
  {
    "id": "afef390d-d30d-4acf-9875-fac9978040f3",
    "data": [
      {
        "text": "sim, vamos harmonize ",
        "userDefined": false
      },
      {
        "text": "uma",
        "meta": "@sys.ignore",
        "userDefined": false
      },
      {
        "text": " ",
        "userDefined": false
      },
      {
        "text": "IPA",
        "alias": "cerveja_estilo",
        "meta": "@cerveja_estilo",
        "userDefined": false
      }
    ],
    "isTemplate": false,
    "count": 1
  },
  {
    "id": "ace99608-8648-4fc7-a71b-4a34595a3e55",
    "data": [
      {
        "text": "O que combinar com ",
        "userDefined": false
      },
      {
        "text": "uma",
        "meta": "@sys.ignore",
        "userDefined": false
      },
      {
        "text": " ",
        "userDefined": false
      },
      {
        "text": "IPA",
        "alias": "cerveja_estilo",
        "meta": "@cerveja_estilo",
        "userDefined": false
      },
      {
        "text": "?",
        "userDefined": false
      }
    ],
    "isTemplate": false,
    "count": 0
  },
  {
    "id": "3e059e69-5388-47a1-8244-5fc4ec83e73e",
    "data": [
      {
        "text": "IPA",
        "alias": "cerveja_estilo",
        "meta": "@cerveja_estilo",
        "userDefined": false
      }
    ],
    "isTemplate": false,
    "count": 1
  },
  {
    "id": "2e8d6c78-7727-4e3d-85ac-ed81329625a9",
    "data": [
      {
        "text": "O que comer com ",
        "userDefined": false
      },
      {
        "text": "uma",
        "meta": "@sys.ignore",
        "userDefined": false
      },
      {
        "text": " ",
        "userDefined": false
      },
      {
        "text": "IPA",
        "alias": "cerveja_estilo",
        "meta": "@cerveja_estilo",
        "userDefined": false
      },
      {
        "text": "?",
        "userDefined": false
      }
    ],
    "isTemplate": false,
    "count": 0
  }
]