[
  {
    "id": "39a671ce-8e11-4675-8adf-d4d36b3aa457",
    "data": [
      {
        "text": "O que é harmonização?",
        "userDefined": false
      }
    ],
    "isTemplate": false,
    "count": 0,
    "updated": 1511887389
  },
  {
    "id": "bc6f4871-36ed-458a-b02b-14a97ed50985",
    "data": [
      {
        "text": "O que é harmonizar?",
        "userDefined": false
      }
    ],
    "isTemplate": false,
    "count": 0,
    "updated": 1511887389
  },
  {
    "id": "88ff6eeb-7b9d-4a83-b454-9d6119845a63",
    "data": [
      {
        "text": "Não sei o que é harmonizar",
        "userDefined": false
      }
    ],
    "isTemplate": false,
    "count": 0,
    "updated": 1511887389
  },
  {
    "id": "263d0d66-7ced-465e-baf4-0be006e8e58a",
    "data": [
      {
        "text": "Não sei o que é harmonização",
        "userDefined": false
      }
    ],
    "isTemplate": false,
    "count": 0,
    "updated": 1511887389
  }
]