[
  {
    "id": "ffc349ff-53c6-4fdc-8f6e-628870c0ee21",
    "data": [
      {
        "text": "de qualquer maneira",
        "userDefined": false
      }
    ],
    "isTemplate": false,
    "count": 0,
    "updated": 1513600109
  },
  {
    "id": "1a5ba410-e132-4792-922b-ec7cb4e75566",
    "data": [
      {
        "text": "pode escolher",
        "userDefined": false
      }
    ],
    "isTemplate": false,
    "count": 0,
    "updated": 1513600109
  },
  {
    "id": "bcdd1447-8f80-4e4d-a0c5-62b25db5d262",
    "data": [
      {
        "text": "não me importo",
        "userDefined": false
      }
    ],
    "isTemplate": false,
    "count": 0,
    "updated": 1513600109
  },
  {
    "id": "88f08819-dbb3-4755-902e-4fc1969f9698",
    "data": [
      {
        "text": "tanto faz",
        "userDefined": false
      }
    ],
    "isTemplate": false,
    "count": 0,
    "updated": 1513600109
  }
]