[
  {
    "id": "a17eb335-47b9-4a67-8570-44a789157545",
    "data": [
      {
        "text": "gosto",
        "userDefined": false
      }
    ],
    "isTemplate": false,
    "count": 0,
    "updated": 1513612939
  },
  {
    "id": "611b0829-26ee-49e0-bb80-7ef63243b80d",
    "data": [
      {
        "text": "quero",
        "userDefined": false
      }
    ],
    "isTemplate": false,
    "count": 0,
    "updated": 1513612939
  },
  {
    "id": "f0efe202-faec-46fb-892e-c646953331de",
    "data": [
      {
        "text": "pode ser",
        "userDefined": false
      }
    ],
    "isTemplate": false,
    "count": 0,
    "updated": 1513612939
  },
  {
    "id": "6c7dec99-10f6-4eb3-bd85-b6f0ade6bc37",
    "data": [
      {
        "text": "sim",
        "userDefined": false
      }
    ],
    "isTemplate": false,
    "count": 0,
    "updated": 1513612939
  },
  {
    "id": "baffaee6-9779-4af3-ab5a-a178c00cc79e",
    "data": [
      {
        "text": "ok",
        "userDefined": false
      }
    ],
    "isTemplate": false,
    "count": 0,
    "updated": 1513612939
  }
]