[
  {
    "id": "22f8b701-cbe0-4643-b7ce-3f2a22cef37d",
    "data": [
      {
        "text": "tem outro",
        "userDefined": false
      }
    ],
    "isTemplate": false,
    "count": 0
  },
  {
    "id": "b4b2d6ef-f3dc-434f-ab65-39deb3bf0b8f",
    "data": [
      {
        "text": "próximo",
        "userDefined": false
      }
    ],
    "isTemplate": false,
    "count": 0,
    "updated": 1513189821
  },
  {
    "id": "139e6ce0-7b36-4596-8585-16e3c85bffa7",
    "data": [
      {
        "text": "próxima",
        "userDefined": false
      }
    ],
    "isTemplate": false,
    "count": 0,
    "updated": 1513189821
  },
  {
    "id": "4006c9bc-9e85-490b-81d3-601f18681966",
    "data": [
      {
        "text": "outra",
        "userDefined": false
      }
    ],
    "isTemplate": false,
    "count": 0,
    "updated": 1513189821
  },
  {
    "id": "620888ee-59e2-4a49-a7e7-5beece3fe8ea",
    "data": [
      {
        "text": "passa",
        "userDefined": false
      }
    ],
    "isTemplate": false,
    "count": 0,
    "updated": 1513189821
  },
  {
    "id": "c65239aa-8dcf-44ea-8b38-41b365289c9e",
    "data": [
      {
        "text": "pula",
        "userDefined": false
      }
    ],
    "isTemplate": false,
    "count": 0,
    "updated": 1513189821
  },
  {
    "id": "5121fe0f-fd0e-426b-9f5c-ad48d8f92fcb",
    "data": [
      {
        "text": "o que mais",
        "userDefined": false
      }
    ],
    "isTemplate": false,
    "count": 0,
    "updated": 1513189821
  },
  {
    "id": "37072be7-833b-40de-aa03-5cfcba7d0458",
    "data": [
      {
        "text": "tem outra cerveja",
        "userDefined": false
      }
    ],
    "isTemplate": false,
    "count": 0,
    "updated": 1513189821
  },
  {
    "id": "79f3ed31-2233-4708-ab6b-97a2bcd468f1",
    "data": [
      {
        "text": "tem outra coisa",
        "userDefined": false
      }
    ],
    "isTemplate": false,
    "count": 0,
    "updated": 1513189821
  },
  {
    "id": "868640d2-4b98-441b-a905-aea63aaad230",
    "data": [
      {
        "text": "não",
        "userDefined": false
      }
    ],
    "isTemplate": false,
    "count": 0,
    "updated": 1513189821
  }
]