[
  {
    "id": "2f68d9ab-b3de-4b41-8f83-de520139d451",
    "data": [
      {
        "text": "ainda não",
        "userDefined": false
      }
    ],
    "isTemplate": false,
    "count": 0
  },
  {
    "id": "c3abbccd-ca70-4f87-81c9-5a0f708416d4",
    "data": [
      {
        "text": "puts não tenho",
        "userDefined": false
      }
    ],
    "isTemplate": false,
    "count": 0,
    "updated": 1511785839
  },
  {
    "id": "763f9240-60ed-4976-9ea1-0c797adc76a8",
    "data": [
      {
        "text": "Não tenho",
        "userDefined": false
      }
    ],
    "isTemplate": false,
    "count": 0,
    "updated": 1511785839
  },
  {
    "id": "330748d8-c6f6-47f0-ab99-33422a348804",
    "data": [
      {
        "text": "puts, não",
        "userDefined": false
      }
    ],
    "isTemplate": false,
    "count": 0,
    "updated": 1511785839
  },
  {
    "id": "3c3fb512-34f9-41e7-b855-1cdc1c78e4c5",
    "data": [
      {
        "text": "errado",
        "userDefined": false
      }
    ],
    "isTemplate": false,
    "count": 0
  },
  {
    "id": "8e325ece-9d02-4386-9081-73dde92df223",
    "data": [
      {
        "text": "Não",
        "userDefined": false
      }
    ],
    "isTemplate": false,
    "count": 0,
    "updated": 1511785839
  },
  {
    "id": "de1e2df1-1273-45a9-ac69-3e1757435df5",
    "data": [
      {
        "text": "não não",
        "userDefined": false
      }
    ],
    "isTemplate": false,
    "count": 0,
    "updated": 1511785839
  }
]