[
  {
    "id": "d2cbb517-ddc6-4ca6-b029-0a700878aa47",
    "data": [
      {
        "text": "me ajude a escolher ",
        "userDefined": false
      },
      {
        "text": "uma",
        "meta": "@sys.ignore",
        "userDefined": false
      },
      {
        "text": " cerveja ",
        "userDefined": false
      },
      {
        "text": "clara",
        "alias": "color",
        "meta": "@color",
        "userDefined": false
      },
      {
        "text": ", com ",
        "userDefined": false
      },
      {
        "text": "baixo teor alcoólico",
        "alias": "alcoholicVolume",
        "meta": "@alcoholicVolume",
        "userDefined": true
      },
      {
        "text": " e ",
        "userDefined": false
      },
      {
        "text": "menos amarga",
        "alias": "bitterness",
        "meta": "@bitterness",
        "userDefined": false
      }
    ],
    "isTemplate": false,
    "count": 0
  },
  {
    "id": "c1baf365-3ddf-46bb-a5c7-ea9fa31c5c8a",
    "data": [
      {
        "text": "Quero ",
        "userDefined": false
      },
      {
        "text": "uma",
        "meta": "@sys.ignore",
        "userDefined": false
      },
      {
        "text": " cerveja ",
        "userDefined": false
      },
      {
        "text": "mais amarga",
        "alias": "bitterness",
        "meta": "@bitterness",
        "userDefined": true
      },
      {
        "text": ", ",
        "userDefined": false
      },
      {
        "text": "escura",
        "alias": "color",
        "meta": "@color",
        "userDefined": true
      },
      {
        "text": " e com ",
        "userDefined": false
      },
      {
        "text": "teor alcoólico mais alto",
        "alias": "alcoholicVolume",
        "meta": "@alcoholicVolume",
        "userDefined": true
      }
    ],
    "isTemplate": false,
    "count": 0,
    "updated": 1513774556
  }
]