[
  {
    "id": "0dd1b0b6-6926-467e-8be5-ff0133e27189",
    "data": [
      {
        "text": "não me importo",
        "userDefined": false
      }
    ],
    "isTemplate": false,
    "count": 0,
    "updated": 1513600109
  },
  {
    "id": "5317003c-7aee-4a39-b6d8-0dd259b94b4b",
    "data": [
      {
        "text": "pode escolher",
        "userDefined": false
      }
    ],
    "isTemplate": false,
    "count": 0,
    "updated": 1513600109
  },
  {
    "id": "10a1dc22-5c58-4ed8-932f-b68192657b75",
    "data": [
      {
        "text": "de qualquer maneira",
        "userDefined": false
      }
    ],
    "isTemplate": false,
    "count": 0,
    "updated": 1513600109
  },
  {
    "id": "85716afe-ab91-4921-babe-a3fa8104b0b9",
    "data": [
      {
        "text": "tanto faz",
        "userDefined": false
      }
    ],
    "isTemplate": false,
    "count": 0,
    "updated": 1513600109
  }
]