[
  {
    "id": "210146ea-f385-44f3-90f3-528f5a74b102",
    "data": [
      {
        "text": "não sei o que perguntar",
        "userDefined": false
      }
    ],
    "isTemplate": false,
    "count": 0
  },
  {
    "id": "ba0c4e1e-a519-4ee2-a464-3e4a42197e54",
    "data": [
      {
        "text": "e aí?",
        "userDefined": false
      }
    ],
    "isTemplate": false,
    "count": 0
  },
  {
    "id": "bbcbb325-2349-4eca-9762-ac5d6ea434f2",
    "data": [
      {
        "text": "o que eu faço?",
        "userDefined": false
      }
    ],
    "isTemplate": false,
    "count": 0
  },
  {
    "id": "0169ea4f-52ae-4239-b9ae-28e43d8b9d4f",
    "data": [
      {
        "text": "como?",
        "userDefined": false
      }
    ],
    "isTemplate": false,
    "count": 1
  },
  {
    "id": "da594795-3360-463e-9f82-4d729f5b849d",
    "data": [
      {
        "text": "mas eu não sei o que perguntar",
        "userDefined": false
      }
    ],
    "isTemplate": false,
    "count": 0
  },
  {
    "id": "ede0a486-f7fd-493c-b810-b2890ee4c585",
    "data": [
      {
        "text": "Não estou entendendo",
        "userDefined": false
      }
    ],
    "isTemplate": false,
    "count": 0,
    "updated": 1511711106
  },
  {
    "id": "97102938-2278-4a61-98fc-112cc238c702",
    "data": [
      {
        "text": "Não entendi",
        "userDefined": false
      }
    ],
    "isTemplate": false,
    "count": 0,
    "updated": 1511711106
  },
  {
    "id": "83e1533c-d57b-4308-a7fc-4fcb62b975f7",
    "data": [
      {
        "text": "mas o que eu falo?",
        "userDefined": false
      }
    ],
    "isTemplate": false,
    "count": 0
  },
  {
    "id": "1298452d-63b7-452f-96d4-317411f78b5e",
    "data": [
      {
        "text": "não sei, o que posso mandar?",
        "userDefined": false
      }
    ],
    "isTemplate": false,
    "count": 1
  },
  {
    "id": "cd57c1bc-77ec-4056-a488-34cf825916a2",
    "data": [
      {
        "text": "o que que eu faço?",
        "userDefined": false
      }
    ],
    "isTemplate": false,
    "count": 0
  },
  {
    "id": "eba3667b-c57b-4f54-806e-5a4ddda926fa",
    "data": [
      {
        "text": "o que posso dizer?",
        "userDefined": false
      }
    ],
    "isTemplate": false,
    "count": 1
  },
  {
    "id": "9ae745f5-b1f3-4f02-b761-02edc98d1062",
    "data": [
      {
        "text": "mas eu não sei o que dizer",
        "userDefined": false
      }
    ],
    "isTemplate": false,
    "count": 0
  },
  {
    "id": "272abb17-17d5-45cc-852c-f7e2e36ad0e8",
    "data": [
      {
        "text": "o que?",
        "userDefined": false
      }
    ],
    "isTemplate": false,
    "count": 1
  },
  {
    "id": "8e1b7844-b365-4e04-b714-a7b4b16e7ef6",
    "data": [
      {
        "text": "o que falar?",
        "userDefined": false
      }
    ],
    "isTemplate": false,
    "count": 0
  },
  {
    "id": "56f7f54e-c52f-4aa4-8a9a-664eb444deea",
    "data": [
      {
        "text": "mas eu não sei o que falar",
        "userDefined": false
      }
    ],
    "isTemplate": false,
    "count": 0
  },
  {
    "id": "25ce7bda-5df1-4579-9037-99cc4901e55f",
    "data": [
      {
        "text": "o que eu faço aqui?",
        "userDefined": false
      }
    ],
    "isTemplate": false,
    "count": 4
  },
  {
    "id": "10312848-48f1-4708-9dd7-c78febdc3fcd",
    "data": [
      {
        "text": "não sei o que dizer",
        "userDefined": false
      }
    ],
    "isTemplate": false,
    "count": 0
  },
  {
    "id": "633c4afc-9500-44e1-8882-ff318967675e",
    "data": [
      {
        "text": "O que que eu tenho que falar",
        "userDefined": false
      }
    ],
    "isTemplate": false,
    "count": 0,
    "updated": 1511711106
  },
  {
    "id": "c50335a8-5e53-4e5c-a652-699af4435374",
    "data": [
      {
        "text": "como eu faço?",
        "userDefined": false
      }
    ],
    "isTemplate": false,
    "count": 0
  },
  {
    "id": "42dc96c8-ee9c-432c-8156-7a9493aee4d2",
    "data": [
      {
        "text": "que que eu tenho que falar",
        "userDefined": false
      }
    ],
    "isTemplate": false,
    "count": 0,
    "updated": 1511711106
  },
  {
    "id": "f50baccc-a335-4d51-828b-e49302b8fedb",
    "data": [
      {
        "text": "não sei",
        "userDefined": false
      }
    ],
    "isTemplate": false,
    "count": 0
  },
  {
    "id": "12a9abb4-6e71-4460-a251-0f2f82a57d1e",
    "data": [
      {
        "text": "não sei o que mandar",
        "userDefined": false
      }
    ],
    "isTemplate": false,
    "count": 0
  },
  {
    "id": "0ce08759-cb76-4dbe-95ee-73950186efb8",
    "data": [
      {
        "text": "o que posso mandar?",
        "userDefined": false
      }
    ],
    "isTemplate": false,
    "count": 0
  },
  {
    "id": "66171d99-a288-4d34-9da1-e12d5a652f89",
    "data": [
      {
        "text": "Nao sei o que falar então",
        "userDefined": false
      }
    ],
    "isTemplate": false,
    "count": 0
  }
]