[
  {
    "id": "f9e3cb9d-9b03-4156-b525-fb04fd6ec8d4",
    "data": [
      {
        "text": "sabichona",
        "userDefined": false
      }
    ],
    "isTemplate": false,
    "count": 0,
    "updated": 1511965297
  },
  {
    "id": "5cd2eaa0-431d-430a-b2c2-0b0f539013d3",
    "data": [
      {
        "text": "sabe tudo hein?",
        "userDefined": false
      }
    ],
    "isTemplate": false,
    "count": 0,
    "updated": 1511965297
  },
  {
    "id": "29a2f471-fd83-463f-be0a-92071eefe7d6",
    "data": [
      {
        "text": "sabe tudo?",
        "userDefined": false
      }
    ],
    "isTemplate": false,
    "count": 0,
    "updated": 1511965297
  },
  {
    "id": "90a35758-a11b-41e4-b56e-ea0423bad82a",
    "data": [
      {
        "text": "você sabe todos os estilos?",
        "userDefined": false
      }
    ],
    "isTemplate": false,
    "count": 0,
    "updated": 1511965297
  },
  {
    "id": "7e8d6921-78d0-4d73-98f6-a7afd2a66a88",
    "data": [
      {
        "text": "todos os estilos?",
        "userDefined": false
      }
    ],
    "isTemplate": false,
    "count": 0,
    "updated": 1511965297
  },
  {
    "id": "6881f4ba-56d7-47eb-882a-2e80c11908fa",
    "data": [
      {
        "text": "qualquer estilo?",
        "userDefined": false
      }
    ],
    "isTemplate": false,
    "count": 0,
    "updated": 1511965297
  },
  {
    "id": "a208d1fc-5688-42d2-b57c-8844ef662689",
    "data": [
      {
        "text": "sabe todos?",
        "userDefined": false
      }
    ],
    "isTemplate": false,
    "count": 0,
    "updated": 1511965297
  }
]