[
  {
    "id": "2eab1b1b-045d-4b17-bebc-b1b8756b4bf3",
    "data": [
      {
        "text": "próximo",
        "userDefined": false
      }
    ],
    "isTemplate": false,
    "count": 0,
    "updated": 1513189821
  },
  {
    "id": "2e35aba5-8187-4920-b2d3-69a231af25ac",
    "data": [
      {
        "text": "tem outra coisa",
        "userDefined": false
      }
    ],
    "isTemplate": false,
    "count": 0,
    "updated": 1513189821
  },
  {
    "id": "fddeddfa-2428-48bb-9a54-674edc1b9b15",
    "data": [
      {
        "text": "próxima",
        "userDefined": false
      }
    ],
    "isTemplate": false,
    "count": 0,
    "updated": 1513189821
  },
  {
    "id": "814b34c4-433c-45c2-82ea-4b18bee83349",
    "data": [
      {
        "text": "pula",
        "userDefined": false
      }
    ],
    "isTemplate": false,
    "count": 0,
    "updated": 1513189821
  },
  {
    "id": "007fbedb-794a-4a1a-81ae-7d044253a2d7",
    "data": [
      {
        "text": "tem outro",
        "userDefined": false
      }
    ],
    "isTemplate": false,
    "count": 0
  },
  {
    "id": "57bb7365-f61e-4fd5-8ba1-4020e21e7b8e",
    "data": [
      {
        "text": "outra",
        "userDefined": false
      }
    ],
    "isTemplate": false,
    "count": 0,
    "updated": 1513189821
  },
  {
    "id": "aa0b639c-dff4-4a17-830c-a9def7d699d9",
    "data": [
      {
        "text": "não",
        "userDefined": false
      }
    ],
    "isTemplate": false,
    "count": 0,
    "updated": 1513189821
  },
  {
    "id": "76ded974-c76b-4974-b7eb-f9e700687722",
    "data": [
      {
        "text": "o que mais",
        "userDefined": false
      }
    ],
    "isTemplate": false,
    "count": 0,
    "updated": 1513189821
  },
  {
    "id": "26586b45-b741-4526-a2c4-50dbd3641a70",
    "data": [
      {
        "text": "tem outra cerveja",
        "userDefined": false
      }
    ],
    "isTemplate": false,
    "count": 0,
    "updated": 1513189821
  },
  {
    "id": "5394a4eb-0a46-4451-8e37-e695f04f9860",
    "data": [
      {
        "text": "passa",
        "userDefined": false
      }
    ],
    "isTemplate": false,
    "count": 0,
    "updated": 1513189821
  }
]