[
  {
    "id": "efdec752-1fac-441e-a002-451d44797cf9",
    "data": [
      {
        "text": "não gosto de amargor",
        "userDefined": false
      }
    ],
    "isTemplate": false,
    "count": 1
  },
  {
    "id": "9c736083-0675-4d2f-ab87-b2a09d00cd34",
    "data": [
      {
        "text": "menos",
        "userDefined": false
      }
    ],
    "isTemplate": false,
    "count": 0
  },
  {
    "id": "86acb4d4-df6a-44aa-83c9-57c10c8dd01b",
    "data": [
      {
        "text": "não gosto de amargo",
        "userDefined": false
      }
    ],
    "isTemplate": false,
    "count": 0
  },
  {
    "id": "93d512fe-af76-41e9-8069-1bcf75ea0cfd",
    "data": [
      {
        "text": "menos amarga",
        "userDefined": false
      }
    ],
    "isTemplate": false,
    "count": 0
  }
]