[
  {
    "id": "dc489080-dfb0-4e54-830b-2f2a9f79c9d0",
    "data": [
      {
        "text": "menos",
        "userDefined": false
      }
    ],
    "isTemplate": false,
    "count": 0,
    "updated": 1513599952
  },
  {
    "id": "bbd52774-1fdf-4901-bd19-cbc91206a71d",
    "data": [
      {
        "text": "leve",
        "userDefined": false
      }
    ],
    "isTemplate": false,
    "count": 0,
    "updated": 1513599952
  },
  {
    "id": "06b2b6bb-c812-40f4-9829-96f9c8bf7552",
    "data": [
      {
        "text": "menos alcool",
        "userDefined": false
      }
    ],
    "isTemplate": false,
    "count": 0,
    "updated": 1513599952
  },
  {
    "id": "8756d819-8c0a-4c94-b621-b1bc8b848ac4",
    "data": [
      {
        "text": "menos alcólica",
        "userDefined": false
      }
    ],
    "isTemplate": false,
    "count": 0,
    "updated": 1513599952
  }
]