[
  {
    "id": "e0bd2dcf-c84c-44f7-9063-b4e684633546",
    "data": [
      {
        "text": "tanto faz",
        "userDefined": false
      }
    ],
    "isTemplate": false,
    "count": 0
  },
  {
    "id": "d159a2b5-efd3-4a68-bf07-85a130558ebd",
    "data": [
      {
        "text": "qualquer",
        "userDefined": false
      }
    ],
    "isTemplate": false,
    "count": 0
  },
  {
    "id": "75988f62-5295-4fef-8620-d04e5010095a",
    "data": [
      {
        "text": "de qualquer maneira",
        "userDefined": false
      }
    ],
    "isTemplate": false,
    "count": 0
  },
  {
    "id": "3377827c-2f05-4f87-b6ef-7b7c5fe3e0f7",
    "data": [
      {
        "text": "isto não interessa",
        "userDefined": false
      }
    ],
    "isTemplate": false,
    "count": 1
  },
  {
    "id": "f95e951e-731c-4051-9079-2e96760bfd00",
    "data": [
      {
        "text": "qualquer ",
        "userDefined": false
      },
      {
        "text": "uma",
        "meta": "@sys.ignore",
        "userDefined": false
      }
    ],
    "isTemplate": false,
    "count": 0
  }
]