[
  {
    "id": "c33fd0c5-fb09-47d0-826c-55d01b18e25b",
    "data": [
      {
        "text": "tem outra",
        "userDefined": false
      }
    ],
    "isTemplate": false,
    "count": 0,
    "updated": 1513697841
  },
  {
    "id": "8086abe9-5a77-452f-9428-8ca54211dda9",
    "data": [
      {
        "text": "o que mais",
        "userDefined": false
      }
    ],
    "isTemplate": false,
    "count": 0,
    "updated": 1513697841
  },
  {
    "id": "c1b8a176-5672-453e-a377-9b1adc92da0d",
    "data": [
      {
        "text": "não quero não",
        "userDefined": false
      }
    ],
    "isTemplate": false,
    "count": 0,
    "updated": 1513697841
  },
  {
    "id": "5777b70c-ced2-40be-b90c-e88fd011f29e",
    "data": [
      {
        "text": "não",
        "userDefined": false
      }
    ],
    "isTemplate": false,
    "count": 0,
    "updated": 1513697841
  }
]