[
  {
    "id": "71f95a65-a014-47d7-931e-4933612963f9",
    "data": [
      {
        "text": "harmonizar cerveja",
        "userDefined": false
      }
    ],
    "isTemplate": false,
    "count": 0
  },
  {
    "id": "a664428e-9a8e-47a5-92bf-5d972b562450",
    "data": [
      {
        "text": "sim",
        "userDefined": false
      }
    ],
    "isTemplate": false,
    "count": 1
  },
  {
    "id": "73ae3298-0d74-4040-89ab-01d1582e90c1",
    "data": [
      {
        "text": "vamos",
        "userDefined": false
      }
    ],
    "isTemplate": false,
    "count": 2
  },
  {
    "id": "fe60663e-76ed-4a89-954b-a12f81ad9a7a",
    "data": [
      {
        "text": "Vamos sim",
        "userDefined": false
      }
    ],
    "isTemplate": false,
    "count": 0
  },
  {
    "id": "a133a4f6-adae-4c36-a175-d345e3cae79d",
    "data": [
      {
        "text": "Claro",
        "userDefined": false
      }
    ],
    "isTemplate": false,
    "count": 0
  },
  {
    "id": "eac03164-531d-4f2f-809a-03848490937c",
    "data": [
      {
        "text": "quero harmonizar algum estilo de cerveja",
        "userDefined": false
      }
    ],
    "isTemplate": false,
    "count": 0
  },
  {
    "id": "7bc3add0-ef64-40b5-aa0d-673d6bfeb339",
    "data": [
      {
        "text": "quero",
        "userDefined": false
      }
    ],
    "isTemplate": false,
    "count": 0
  },
  {
    "id": "af209ca8-b5b9-4cc2-aa4b-b1ec7d1621c2",
    "data": [
      {
        "text": "quero sim",
        "userDefined": false
      }
    ],
    "isTemplate": false,
    "count": 0
  },
  {
    "id": "6171b6d8-ee45-464e-9b38-c94addd87450",
    "data": [
      {
        "text": "vamos harmonizar algo",
        "userDefined": false
      }
    ],
    "isTemplate": false,
    "count": 0
  },
  {
    "id": "1657d831-2d86-4e6a-a41c-7dbc9ef7ca88",
    "data": [
      {
        "text": "vamos harmonizar alguma coisa",
        "userDefined": false
      }
    ],
    "isTemplate": false,
    "count": 0
  },
  {
    "id": "8f9fb21b-9329-4c4e-9672-5dc6178d66d7",
    "data": [
      {
        "text": "ué vamos",
        "userDefined": false
      }
    ],
    "isTemplate": false,
    "count": 0
  },
  {
    "id": "03a578e6-8128-4723-ad18-a15dc3ada350",
    "data": [
      {
        "text": "estou tomando uma ",
        "userDefined": false
      },
      {
        "text": "pilsen",
        "alias": "cerveja_estilo",
        "meta": "@cerveja_estilo",
        "userDefined": true
      },
      {
        "text": " o que eu posso comer",
        "userDefined": false
      }
    ],
    "isTemplate": false,
    "count": 0
  },
  {
    "id": "9722a207-d3ca-4a48-91bb-74a8addce4e0",
    "data": [
      {
        "text": "OI, sim, quero",
        "userDefined": false
      }
    ],
    "isTemplate": false,
    "count": 0
  },
  {
    "id": "77bc92bc-4087-4dc8-8647-9c445201b2cb",
    "data": [
      {
        "text": "Olá, sim",
        "userDefined": false
      }
    ],
    "isTemplate": false,
    "count": 0
  },
  {
    "id": "9d2dd59d-ed94-4edf-b7cd-b6643e7c4948",
    "data": [
      {
        "text": "Opa, sim",
        "userDefined": false
      }
    ],
    "isTemplate": false,
    "count": 0
  },
  {
    "id": "c237d95e-455d-4ba3-b568-fdc75add53a3",
    "data": [
      {
        "text": "harmonizar cerveja com comida",
        "userDefined": false
      }
    ],
    "isTemplate": false,
    "count": 0
  },
  {
    "id": "f35e25bc-9142-488d-a12a-eac491a400a0",
    "data": [
      {
        "text": "cerveja ",
        "userDefined": false
      },
      {
        "text": "pilsen",
        "alias": "cerveja_estilo",
        "meta": "@cerveja_estilo",
        "userDefined": false
      }
    ],
    "isTemplate": false,
    "count": 0
  },
  {
    "id": "260b3013-6cba-435e-b1d6-9a5ae3bd4cee",
    "data": [
      {
        "text": "Com que posso harmonizar ",
        "userDefined": false
      },
      {
        "text": "uma",
        "meta": "@sys.ignore",
        "userDefined": false
      },
      {
        "text": " cerveja ",
        "userDefined": false
      },
      {
        "text": "stout",
        "alias": "cerveja_estilo",
        "meta": "@cerveja_estilo",
        "userDefined": false
      }
    ],
    "isTemplate": false,
    "count": 0
  },
  {
    "id": "c82576c3-973a-487b-aeaf-137a2097d3c8",
    "data": [
      {
        "text": "harmonizar cerveja ",
        "userDefined": false
      },
      {
        "text": "pilsen",
        "alias": "cerveja_estilo",
        "meta": "@cerveja_estilo",
        "userDefined": false
      }
    ],
    "isTemplate": false,
    "count": 0
  },
  {
    "id": "d6233051-fab2-4877-a397-a45814a47cb6",
    "data": [
      {
        "text": "quero harmonizar ",
        "userDefined": false
      },
      {
        "text": "uma",
        "meta": "@sys.ignore",
        "userDefined": false
      },
      {
        "text": " cerveja ",
        "userDefined": false
      },
      {
        "text": "pilsen",
        "alias": "cerveja_estilo",
        "meta": "@cerveja_estilo",
        "userDefined": false
      }
    ],
    "isTemplate": false,
    "count": 0
  },
  {
    "id": "c6b93b7f-74c1-44ba-91e4-961830f2b668",
    "data": [
      {
        "text": "harmonize ",
        "userDefined": false
      },
      {
        "text": "uma",
        "meta": "@sys.ignore",
        "userDefined": false
      },
      {
        "text": " ",
        "userDefined": false
      },
      {
        "text": "IPA",
        "alias": "cerveja_estilo",
        "meta": "@cerveja_estilo",
        "userDefined": false
      }
    ],
    "isTemplate": false,
    "count": 1
  },
  {
    "id": "f3be78d7-0530-40ba-9ae8-cdab9bbbb842",
    "data": [
      {
        "text": "ok então harmonize ",
        "userDefined": false
      },
      {
        "text": "uma",
        "meta": "@sys.ignore",
        "userDefined": false
      },
      {
        "text": " ",
        "userDefined": false
      },
      {
        "text": "IPA",
        "alias": "cerveja_estilo",
        "meta": "@cerveja_estilo",
        "userDefined": false
      }
    ],
    "isTemplate": false,
    "count": 1
  },
  {
    "id": "e7cb5d1e-6318-4c30-8061-a3009ab5898d",
    "data": [
      {
        "text": "OK, que tal harmonizar ",
        "userDefined": false
      },
      {
        "text": "uma",
        "meta": "@sys.ignore",
        "userDefined": false
      },
      {
        "text": " ",
        "userDefined": false
      },
      {
        "text": "Pilsen",
        "alias": "cerveja_estilo",
        "meta": "@cerveja_estilo",
        "userDefined": false
      },
      {
        "text": "?",
        "userDefined": false
      }
    ],
    "isTemplate": false,
    "count": 0
  },
  {
    "id": "96e929c4-16bb-4943-b9e8-d08e4776966f",
    "data": [
      {
        "text": "O que harmoniza com ",
        "userDefined": false
      },
      {
        "text": "IPA",
        "alias": "cerveja_estilo",
        "meta": "@cerveja_estilo",
        "userDefined": true
      },
      {
        "text": "?",
        "userDefined": false
      }
    ],
    "isTemplate": false,
    "count": 0
  },
  {
    "id": "d65f34f1-d7da-4735-a13b-d7968ce52468",
    "data": [
      {
        "text": "com que eu posso harmonizar a minha ",
        "userDefined": false
      },
      {
        "text": "IPA",
        "alias": "cerveja_estilo",
        "meta": "@cerveja_estilo",
        "userDefined": false
      },
      {
        "text": "?",
        "userDefined": false
      }
    ],
    "isTemplate": false,
    "count": 0
  },
  {
    "id": "1af3bf21-2c65-40eb-a065-114db5c71886",
    "data": [
      {
        "text": "Com que posso harmonizar ",
        "userDefined": false
      },
      {
        "text": "uma",
        "meta": "@sys.ignore",
        "userDefined": false
      },
      {
        "text": " ",
        "userDefined": false
      },
      {
        "text": "IPA",
        "alias": "cerveja_estilo",
        "meta": "@cerveja_estilo",
        "userDefined": false
      },
      {
        "text": "?",
        "userDefined": false
      }
    ],
    "isTemplate": false,
    "count": 0
  },
  {
    "id": "7bf30d06-8117-4af5-a610-48ee25020468",
    "data": [
      {
        "text": "Beleza, então harmoniza ",
        "userDefined": false
      },
      {
        "text": "uma",
        "meta": "@sys.ignore",
        "userDefined": false
      },
      {
        "text": " ",
        "userDefined": false
      },
      {
        "text": "IPA",
        "alias": "cerveja_estilo",
        "meta": "@cerveja_estilo",
        "userDefined": false
      }
    ],
    "isTemplate": false,
    "count": 0
  },
  {
    "id": "25206852-4d8e-40f5-a592-da769d7771b6",
    "data": [
      {
        "text": "O que comer com minha ",
        "userDefined": false
      },
      {
        "text": "IPA",
        "alias": "cerveja_estilo",
        "meta": "@cerveja_estilo",
        "userDefined": false
      },
      {
        "text": "?",
        "userDefined": false
      }
    ],
    "isTemplate": false,
    "count": 1
  },
  {
    "id": "f75afdfc-c23d-463c-a844-df93e167b8bb",
    "data": [
      {
        "text": "o que harmoniza com ",
        "userDefined": false
      },
      {
        "text": "uma",
        "meta": "@sys.ignore",
        "userDefined": false
      },
      {
        "text": " ",
        "userDefined": false
      },
      {
        "text": "IPA",
        "alias": "cerveja_estilo",
        "meta": "@cerveja_estilo",
        "userDefined": false
      }
    ],
    "isTemplate": false,
    "count": 0
  },
  {
    "id": "6ff067d9-513c-42dc-a750-394ee54c8a52",
    "data": [
      {
        "text": "então harmoniza ",
        "userDefined": false
      },
      {
        "text": "uma",
        "meta": "@sys.ignore",
        "userDefined": false
      },
      {
        "text": " ",
        "userDefined": false
      },
      {
        "text": "IPA",
        "alias": "cerveja_estilo",
        "meta": "@cerveja_estilo",
        "userDefined": false
      }
    ],
    "isTemplate": false,
    "count": 0
  },
  {
    "id": "ac9b1b93-d830-4b20-9ce0-1acfcaac1f87",
    "data": [
      {
        "text": "Sim quero harmonizar ",
        "userDefined": false
      },
      {
        "text": "uma",
        "meta": "@sys.ignore",
        "userDefined": false
      },
      {
        "text": " ",
        "userDefined": false
      },
      {
        "text": "IPA",
        "alias": "cerveja_estilo",
        "meta": "@cerveja_estilo",
        "userDefined": false
      }
    ],
    "isTemplate": false,
    "count": 0
  },
  {
    "id": "07492208-32ca-4b43-8911-4c3d6bf00ddf",
    "data": [
      {
        "text": "O que combina com ",
        "userDefined": false
      },
      {
        "text": "uma",
        "meta": "@sys.ignore",
        "userDefined": false
      },
      {
        "text": " ",
        "userDefined": false
      },
      {
        "text": "IPA",
        "alias": "cerveja_estilo",
        "meta": "@cerveja_estilo",
        "userDefined": true
      },
      {
        "text": "?",
        "userDefined": false
      }
    ],
    "isTemplate": false,
    "count": 0,
    "updated": 1511376124
  },
  {
    "id": "10365c98-b4b4-416d-963c-90362fa0008c",
    "data": [
      {
        "text": "O que harmonizar com ",
        "userDefined": false
      },
      {
        "text": "uma",
        "meta": "@sys.ignore",
        "userDefined": false
      },
      {
        "text": " ",
        "userDefined": false
      },
      {
        "text": "Pilsen",
        "alias": "cerveja_estilo",
        "meta": "@cerveja_estilo",
        "userDefined": false
      },
      {
        "text": "?",
        "userDefined": false
      }
    ],
    "isTemplate": false,
    "count": 0
  },
  {
    "id": "587f1da2-af89-499e-a9f8-df794397fcc4",
    "data": [
      {
        "text": "O que comer acompanhado de ",
        "userDefined": false
      },
      {
        "text": "uma",
        "meta": "@sys.ignore",
        "userDefined": false
      },
      {
        "text": " ",
        "userDefined": false
      },
      {
        "text": "IPA",
        "alias": "cerveja_estilo",
        "meta": "@cerveja_estilo",
        "userDefined": true
      },
      {
        "text": "?",
        "userDefined": false
      }
    ],
    "isTemplate": false,
    "count": 0
  },
  {
    "id": "f71b6dbb-f097-4c89-8161-837bf997926b",
    "data": [
      {
        "text": "harmoniza ",
        "userDefined": false
      },
      {
        "text": "uma",
        "meta": "@sys.ignore",
        "userDefined": false
      },
      {
        "text": " ",
        "userDefined": false
      },
      {
        "text": "IPA",
        "alias": "cerveja_estilo",
        "meta": "@cerveja_estilo",
        "userDefined": false
      }
    ],
    "isTemplate": false,
    "count": 0
  },
  {
    "id": "9a319c83-ca22-40f7-a53f-2961bfb2ea02",
    "data": [
      {
        "text": "OK, o que harmonizar com ",
        "userDefined": false
      },
      {
        "text": "IPA",
        "alias": "cerveja_estilo",
        "meta": "@cerveja_estilo",
        "userDefined": false
      }
    ],
    "isTemplate": false,
    "count": 0
  },
  {
    "id": "79114e0c-62da-4fd5-bece-b7196e6bd620",
    "data": [
      {
        "text": "Harmonizar ",
        "userDefined": false
      },
      {
        "text": "IPA",
        "alias": "cerveja_estilo",
        "meta": "@cerveja_estilo",
        "userDefined": false
      }
    ],
    "isTemplate": false,
    "count": 0
  },
  {
    "id": "c7444ba2-a884-4166-8159-19076be0610f",
    "data": [
      {
        "text": "Tenho ",
        "userDefined": false
      },
      {
        "text": "uma",
        "meta": "@sys.ignore",
        "userDefined": false
      },
      {
        "text": " ",
        "userDefined": false
      },
      {
        "text": "IPA",
        "alias": "cerveja_estilo",
        "meta": "@cerveja_estilo",
        "userDefined": true
      },
      {
        "text": ", o que posso comer para harmonizar?",
        "userDefined": false
      }
    ],
    "isTemplate": false,
    "count": 0
  },
  {
    "id": "7ee9ef1c-1df3-4b39-b7e2-5036a90cbdb6",
    "data": [
      {
        "text": "Tá bom, o que harmonizar com ",
        "userDefined": false
      },
      {
        "text": "IPA",
        "alias": "cerveja_estilo",
        "meta": "@cerveja_estilo",
        "userDefined": false
      }
    ],
    "isTemplate": false,
    "count": 0
  },
  {
    "id": "6803c701-c8bc-4ba1-9eee-e0cb3942e506",
    "data": [
      {
        "text": "Sim, ",
        "userDefined": false
      },
      {
        "text": "IPA",
        "alias": "cerveja_estilo",
        "meta": "@cerveja_estilo",
        "userDefined": false
      }
    ],
    "isTemplate": false,
    "count": 0
  },
  {
    "id": "11756440-fc87-479f-b989-6205d4b850b3",
    "data": [
      {
        "text": "sim, vamos harmonize ",
        "userDefined": false
      },
      {
        "text": "uma",
        "meta": "@sys.ignore",
        "userDefined": false
      },
      {
        "text": " ",
        "userDefined": false
      },
      {
        "text": "IPA",
        "alias": "cerveja_estilo",
        "meta": "@cerveja_estilo",
        "userDefined": false
      }
    ],
    "isTemplate": false,
    "count": 1
  },
  {
    "id": "b4dffdae-de47-48bf-87dc-28908fd7df85",
    "data": [
      {
        "text": "O que combinar com ",
        "userDefined": false
      },
      {
        "text": "uma",
        "meta": "@sys.ignore",
        "userDefined": false
      },
      {
        "text": " ",
        "userDefined": false
      },
      {
        "text": "IPA",
        "alias": "cerveja_estilo",
        "meta": "@cerveja_estilo",
        "userDefined": false
      },
      {
        "text": "?",
        "userDefined": false
      }
    ],
    "isTemplate": false,
    "count": 0
  },
  {
    "id": "0f449318-8d33-4299-8dbd-4cfc60073f20",
    "data": [
      {
        "text": "IPA",
        "alias": "cerveja_estilo",
        "meta": "@cerveja_estilo",
        "userDefined": false
      }
    ],
    "isTemplate": false,
    "count": 1
  },
  {
    "id": "72e5064f-3670-4fb2-bb0e-cb5187b282f9",
    "data": [
      {
        "text": "O que comer com ",
        "userDefined": false
      },
      {
        "text": "uma",
        "meta": "@sys.ignore",
        "userDefined": false
      },
      {
        "text": " ",
        "userDefined": false
      },
      {
        "text": "IPA",
        "alias": "cerveja_estilo",
        "meta": "@cerveja_estilo",
        "userDefined": false
      },
      {
        "text": "?",
        "userDefined": false
      }
    ],
    "isTemplate": false,
    "count": 0
  }
]