[
  {
    "id": "23dad9db-170c-4d98-938d-8659f24e59bd",
    "data": [
      {
        "text": "harmonizar cerveja",
        "userDefined": false
      }
    ],
    "isTemplate": false,
    "count": 0
  },
  {
    "id": "8ea6392b-f330-409b-a3f7-00962212413d",
    "data": [
      {
        "text": "sim",
        "userDefined": false
      }
    ],
    "isTemplate": false,
    "count": 1
  },
  {
    "id": "b0589243-8a01-453f-966f-13c16f6e2c03",
    "data": [
      {
        "text": "vamos",
        "userDefined": false
      }
    ],
    "isTemplate": false,
    "count": 2
  },
  {
    "id": "f2a04a53-6641-4442-9aad-de4362a887d4",
    "data": [
      {
        "text": "Vamos sim",
        "userDefined": false
      }
    ],
    "isTemplate": false,
    "count": 0
  },
  {
    "id": "5951ebfb-5449-499f-a808-a4229e0f07f9",
    "data": [
      {
        "text": "Claro",
        "userDefined": false
      }
    ],
    "isTemplate": false,
    "count": 0
  },
  {
    "id": "7b235039-a156-40a4-aad9-52f0f6f8b861",
    "data": [
      {
        "text": "quero harmonizar algum estilo de cerveja",
        "userDefined": false
      }
    ],
    "isTemplate": false,
    "count": 0
  },
  {
    "id": "40149156-6c7e-4577-9b4c-5c13e00f31fc",
    "data": [
      {
        "text": "quero",
        "userDefined": false
      }
    ],
    "isTemplate": false,
    "count": 0
  },
  {
    "id": "30d0a1f3-4027-4cb7-bac8-e83f77b77002",
    "data": [
      {
        "text": "quero sim",
        "userDefined": false
      }
    ],
    "isTemplate": false,
    "count": 0
  },
  {
    "id": "5e90bebd-7ad2-4e2b-a8ce-96aba03e025a",
    "data": [
      {
        "text": "vamos harmonizar algo",
        "userDefined": false
      }
    ],
    "isTemplate": false,
    "count": 0
  },
  {
    "id": "e43d68fc-f330-47db-bfc0-c0a3e3cb11b4",
    "data": [
      {
        "text": "vamos harmonizar alguma coisa",
        "userDefined": false
      }
    ],
    "isTemplate": false,
    "count": 0
  },
  {
    "id": "0fc6b1a2-4ba0-418a-bb8d-9594b433f7fc",
    "data": [
      {
        "text": "ué vamos",
        "userDefined": false
      }
    ],
    "isTemplate": false,
    "count": 0
  },
  {
    "id": "a275b547-4094-42dd-a952-fa0fbf3b5bc4",
    "data": [
      {
        "text": "estou tomando uma ",
        "userDefined": false
      },
      {
        "text": "pilsen",
        "alias": "cerveja_estilo",
        "meta": "@cerveja_estilo",
        "userDefined": true
      },
      {
        "text": " o que eu posso comer",
        "userDefined": false
      }
    ],
    "isTemplate": false,
    "count": 0
  },
  {
    "id": "cd7dfd90-ea3d-4690-9283-2a6d3e8bc593",
    "data": [
      {
        "text": "OI, sim, quero",
        "userDefined": false
      }
    ],
    "isTemplate": false,
    "count": 0
  },
  {
    "id": "d09b1770-afed-4029-8912-f1f6cb1ed535",
    "data": [
      {
        "text": "Olá, sim",
        "userDefined": false
      }
    ],
    "isTemplate": false,
    "count": 0
  },
  {
    "id": "1e6384f6-5399-49f1-a5db-591d0c50f422",
    "data": [
      {
        "text": "Opa, sim",
        "userDefined": false
      }
    ],
    "isTemplate": false,
    "count": 0
  },
  {
    "id": "f1f8a1a0-bbdc-4609-8879-a11da87a01ed",
    "data": [
      {
        "text": "harmonizar cerveja com comida",
        "userDefined": false
      }
    ],
    "isTemplate": false,
    "count": 0
  },
  {
    "id": "e1e55fd2-59b5-4f28-ab63-941843a41d4f",
    "data": [
      {
        "text": "cerveja ",
        "userDefined": false
      },
      {
        "text": "pilsen",
        "alias": "cerveja_estilo",
        "meta": "@cerveja_estilo",
        "userDefined": false
      }
    ],
    "isTemplate": false,
    "count": 0
  },
  {
    "id": "6616baa1-f4fc-4684-bdc1-333c0b2254bc",
    "data": [
      {
        "text": "Com que posso harmonizar ",
        "userDefined": false
      },
      {
        "text": "uma",
        "meta": "@sys.ignore",
        "userDefined": false
      },
      {
        "text": " cerveja ",
        "userDefined": false
      },
      {
        "text": "stout",
        "alias": "cerveja_estilo",
        "meta": "@cerveja_estilo",
        "userDefined": false
      }
    ],
    "isTemplate": false,
    "count": 0
  },
  {
    "id": "351ec9d9-d114-4259-ab60-90bca8e5a0a9",
    "data": [
      {
        "text": "harmonizar cerveja ",
        "userDefined": false
      },
      {
        "text": "pilsen",
        "alias": "cerveja_estilo",
        "meta": "@cerveja_estilo",
        "userDefined": false
      }
    ],
    "isTemplate": false,
    "count": 0
  },
  {
    "id": "4a5a9251-0dcc-489b-b740-60486554628a",
    "data": [
      {
        "text": "quero harmonizar ",
        "userDefined": false
      },
      {
        "text": "uma",
        "meta": "@sys.ignore",
        "userDefined": false
      },
      {
        "text": " cerveja ",
        "userDefined": false
      },
      {
        "text": "pilsen",
        "alias": "cerveja_estilo",
        "meta": "@cerveja_estilo",
        "userDefined": false
      }
    ],
    "isTemplate": false,
    "count": 0
  },
  {
    "id": "c1a4f324-30fd-48f7-a3cc-4a5fe9062322",
    "data": [
      {
        "text": "harmonize ",
        "userDefined": false
      },
      {
        "text": "uma",
        "meta": "@sys.ignore",
        "userDefined": false
      },
      {
        "text": " ",
        "userDefined": false
      },
      {
        "text": "IPA",
        "alias": "cerveja_estilo",
        "meta": "@cerveja_estilo",
        "userDefined": false
      }
    ],
    "isTemplate": false,
    "count": 1
  },
  {
    "id": "4542ccd1-8f50-4c2d-94af-0d6040b7f0fa",
    "data": [
      {
        "text": "ok então harmonize ",
        "userDefined": false
      },
      {
        "text": "uma",
        "meta": "@sys.ignore",
        "userDefined": false
      },
      {
        "text": " ",
        "userDefined": false
      },
      {
        "text": "IPA",
        "alias": "cerveja_estilo",
        "meta": "@cerveja_estilo",
        "userDefined": false
      }
    ],
    "isTemplate": false,
    "count": 1
  },
  {
    "id": "566a9005-da97-4b7a-a075-1b990776060a",
    "data": [
      {
        "text": "OK, que tal harmonizar ",
        "userDefined": false
      },
      {
        "text": "uma",
        "meta": "@sys.ignore",
        "userDefined": false
      },
      {
        "text": " ",
        "userDefined": false
      },
      {
        "text": "Pilsen",
        "alias": "cerveja_estilo",
        "meta": "@cerveja_estilo",
        "userDefined": false
      },
      {
        "text": "?",
        "userDefined": false
      }
    ],
    "isTemplate": false,
    "count": 0
  },
  {
    "id": "5f844c6e-7bcc-410c-88a0-b5c3a76eac5f",
    "data": [
      {
        "text": "O que harmoniza com ",
        "userDefined": false
      },
      {
        "text": "IPA",
        "alias": "cerveja_estilo",
        "meta": "@cerveja_estilo",
        "userDefined": true
      },
      {
        "text": "?",
        "userDefined": false
      }
    ],
    "isTemplate": false,
    "count": 0
  },
  {
    "id": "27a43423-8bc2-4777-8ae7-84335df03f85",
    "data": [
      {
        "text": "com que eu posso harmonizar a minha ",
        "userDefined": false
      },
      {
        "text": "IPA",
        "alias": "cerveja_estilo",
        "meta": "@cerveja_estilo",
        "userDefined": false
      },
      {
        "text": "?",
        "userDefined": false
      }
    ],
    "isTemplate": false,
    "count": 0
  },
  {
    "id": "cae5c6b3-f19a-447c-9697-05ec1e1e2930",
    "data": [
      {
        "text": "Com que posso harmonizar ",
        "userDefined": false
      },
      {
        "text": "uma",
        "meta": "@sys.ignore",
        "userDefined": false
      },
      {
        "text": " ",
        "userDefined": false
      },
      {
        "text": "IPA",
        "alias": "cerveja_estilo",
        "meta": "@cerveja_estilo",
        "userDefined": false
      },
      {
        "text": "?",
        "userDefined": false
      }
    ],
    "isTemplate": false,
    "count": 0
  },
  {
    "id": "47587609-ce2f-47b2-9604-ad36162b8fbc",
    "data": [
      {
        "text": "Beleza, então harmoniza ",
        "userDefined": false
      },
      {
        "text": "uma",
        "meta": "@sys.ignore",
        "userDefined": false
      },
      {
        "text": " ",
        "userDefined": false
      },
      {
        "text": "IPA",
        "alias": "cerveja_estilo",
        "meta": "@cerveja_estilo",
        "userDefined": false
      }
    ],
    "isTemplate": false,
    "count": 0
  },
  {
    "id": "190d937b-cc9f-492d-9e0b-09d7f1fe1cce",
    "data": [
      {
        "text": "O que comer com minha ",
        "userDefined": false
      },
      {
        "text": "IPA",
        "alias": "cerveja_estilo",
        "meta": "@cerveja_estilo",
        "userDefined": false
      },
      {
        "text": "?",
        "userDefined": false
      }
    ],
    "isTemplate": false,
    "count": 1
  },
  {
    "id": "b167f5a7-4e90-4619-ae23-5d4370ead4ec",
    "data": [
      {
        "text": "o que harmoniza com ",
        "userDefined": false
      },
      {
        "text": "uma",
        "meta": "@sys.ignore",
        "userDefined": false
      },
      {
        "text": " ",
        "userDefined": false
      },
      {
        "text": "IPA",
        "alias": "cerveja_estilo",
        "meta": "@cerveja_estilo",
        "userDefined": false
      }
    ],
    "isTemplate": false,
    "count": 0
  },
  {
    "id": "618d87f2-e96f-4cf6-bb97-6539e6d7b34a",
    "data": [
      {
        "text": "então harmoniza ",
        "userDefined": false
      },
      {
        "text": "uma",
        "meta": "@sys.ignore",
        "userDefined": false
      },
      {
        "text": " ",
        "userDefined": false
      },
      {
        "text": "IPA",
        "alias": "cerveja_estilo",
        "meta": "@cerveja_estilo",
        "userDefined": false
      }
    ],
    "isTemplate": false,
    "count": 0
  },
  {
    "id": "0817dc22-f66a-4032-8524-29a67c3b5a29",
    "data": [
      {
        "text": "Sim quero harmonizar ",
        "userDefined": false
      },
      {
        "text": "uma",
        "meta": "@sys.ignore",
        "userDefined": false
      },
      {
        "text": " ",
        "userDefined": false
      },
      {
        "text": "IPA",
        "alias": "cerveja_estilo",
        "meta": "@cerveja_estilo",
        "userDefined": false
      }
    ],
    "isTemplate": false,
    "count": 0
  },
  {
    "id": "71a1b8f4-6b6b-44fb-82b4-839a96496172",
    "data": [
      {
        "text": "O que combina com ",
        "userDefined": false
      },
      {
        "text": "uma",
        "meta": "@sys.ignore",
        "userDefined": false
      },
      {
        "text": " ",
        "userDefined": false
      },
      {
        "text": "IPA",
        "alias": "cerveja_estilo",
        "meta": "@cerveja_estilo",
        "userDefined": true
      },
      {
        "text": "?",
        "userDefined": false
      }
    ],
    "isTemplate": false,
    "count": 0,
    "updated": 1511376124
  },
  {
    "id": "a9aff3aa-4cf4-4252-befd-998c9dfbb866",
    "data": [
      {
        "text": "O que harmonizar com ",
        "userDefined": false
      },
      {
        "text": "uma",
        "meta": "@sys.ignore",
        "userDefined": false
      },
      {
        "text": " ",
        "userDefined": false
      },
      {
        "text": "Pilsen",
        "alias": "cerveja_estilo",
        "meta": "@cerveja_estilo",
        "userDefined": false
      },
      {
        "text": "?",
        "userDefined": false
      }
    ],
    "isTemplate": false,
    "count": 0
  },
  {
    "id": "eb7f0f87-7140-4530-a227-6cf6f61e86e2",
    "data": [
      {
        "text": "O que comer acompanhado de ",
        "userDefined": false
      },
      {
        "text": "uma",
        "meta": "@sys.ignore",
        "userDefined": false
      },
      {
        "text": " ",
        "userDefined": false
      },
      {
        "text": "IPA",
        "alias": "cerveja_estilo",
        "meta": "@cerveja_estilo",
        "userDefined": true
      },
      {
        "text": "?",
        "userDefined": false
      }
    ],
    "isTemplate": false,
    "count": 0
  },
  {
    "id": "0e685f4e-ed98-4c42-8553-f43c034fdd67",
    "data": [
      {
        "text": "harmoniza ",
        "userDefined": false
      },
      {
        "text": "uma",
        "meta": "@sys.ignore",
        "userDefined": false
      },
      {
        "text": " ",
        "userDefined": false
      },
      {
        "text": "IPA",
        "alias": "cerveja_estilo",
        "meta": "@cerveja_estilo",
        "userDefined": false
      }
    ],
    "isTemplate": false,
    "count": 0
  },
  {
    "id": "8032ea38-61cf-4c96-9e87-b050ca2b35d5",
    "data": [
      {
        "text": "OK, o que harmonizar com ",
        "userDefined": false
      },
      {
        "text": "IPA",
        "alias": "cerveja_estilo",
        "meta": "@cerveja_estilo",
        "userDefined": false
      }
    ],
    "isTemplate": false,
    "count": 0
  },
  {
    "id": "03c16abd-57a6-43f1-b309-d4976e256fc5",
    "data": [
      {
        "text": "Harmonizar ",
        "userDefined": false
      },
      {
        "text": "IPA",
        "alias": "cerveja_estilo",
        "meta": "@cerveja_estilo",
        "userDefined": false
      }
    ],
    "isTemplate": false,
    "count": 0
  },
  {
    "id": "b2c6d899-3fa1-44b7-89af-7ce786cc655c",
    "data": [
      {
        "text": "Tenho ",
        "userDefined": false
      },
      {
        "text": "uma",
        "meta": "@sys.ignore",
        "userDefined": false
      },
      {
        "text": " ",
        "userDefined": false
      },
      {
        "text": "IPA",
        "alias": "cerveja_estilo",
        "meta": "@cerveja_estilo",
        "userDefined": true
      },
      {
        "text": ", o que posso comer para harmonizar?",
        "userDefined": false
      }
    ],
    "isTemplate": false,
    "count": 0
  },
  {
    "id": "7dd27cb6-8176-48ec-92cf-11bdd264c497",
    "data": [
      {
        "text": "Tá bom, o que harmonizar com ",
        "userDefined": false
      },
      {
        "text": "IPA",
        "alias": "cerveja_estilo",
        "meta": "@cerveja_estilo",
        "userDefined": false
      }
    ],
    "isTemplate": false,
    "count": 0
  },
  {
    "id": "1d8299a1-37c0-4655-8187-b7fbbb5f6273",
    "data": [
      {
        "text": "Sim, ",
        "userDefined": false
      },
      {
        "text": "IPA",
        "alias": "cerveja_estilo",
        "meta": "@cerveja_estilo",
        "userDefined": false
      }
    ],
    "isTemplate": false,
    "count": 0
  },
  {
    "id": "c1a4cd7b-4ca3-4d59-8307-6e50c6ca8b71",
    "data": [
      {
        "text": "sim, vamos harmonize ",
        "userDefined": false
      },
      {
        "text": "uma",
        "meta": "@sys.ignore",
        "userDefined": false
      },
      {
        "text": " ",
        "userDefined": false
      },
      {
        "text": "IPA",
        "alias": "cerveja_estilo",
        "meta": "@cerveja_estilo",
        "userDefined": false
      }
    ],
    "isTemplate": false,
    "count": 1
  },
  {
    "id": "4cf3bb74-e7fc-4622-9d66-328038b023aa",
    "data": [
      {
        "text": "O que combinar com ",
        "userDefined": false
      },
      {
        "text": "uma",
        "meta": "@sys.ignore",
        "userDefined": false
      },
      {
        "text": " ",
        "userDefined": false
      },
      {
        "text": "IPA",
        "alias": "cerveja_estilo",
        "meta": "@cerveja_estilo",
        "userDefined": false
      },
      {
        "text": "?",
        "userDefined": false
      }
    ],
    "isTemplate": false,
    "count": 0
  },
  {
    "id": "19110c36-b085-487c-8b37-867ced017224",
    "data": [
      {
        "text": "IPA",
        "alias": "cerveja_estilo",
        "meta": "@cerveja_estilo",
        "userDefined": false
      }
    ],
    "isTemplate": false,
    "count": 1
  },
  {
    "id": "d7cb7159-eee0-4831-ac5f-c6635ac36c2f",
    "data": [
      {
        "text": "O que comer com ",
        "userDefined": false
      },
      {
        "text": "uma",
        "meta": "@sys.ignore",
        "userDefined": false
      },
      {
        "text": " ",
        "userDefined": false
      },
      {
        "text": "IPA",
        "alias": "cerveja_estilo",
        "meta": "@cerveja_estilo",
        "userDefined": false
      },
      {
        "text": "?",
        "userDefined": false
      }
    ],
    "isTemplate": false,
    "count": 0
  }
]