[
  {
    "id": "00a3c24f-4362-447b-a8a0-fdcf8da544f4",
    "data": [
      {
        "text": "sabichona",
        "userDefined": false
      }
    ],
    "isTemplate": false,
    "count": 0,
    "updated": 1511965297
  },
  {
    "id": "8627a96f-92e3-4299-996b-82a34b21cfc9",
    "data": [
      {
        "text": "sabe tudo hein?",
        "userDefined": false
      }
    ],
    "isTemplate": false,
    "count": 0,
    "updated": 1511965297
  },
  {
    "id": "31011707-c35f-4449-ad71-305c93a88d0b",
    "data": [
      {
        "text": "sabe tudo?",
        "userDefined": false
      }
    ],
    "isTemplate": false,
    "count": 0,
    "updated": 1511965297
  },
  {
    "id": "35a9baac-02b9-4f95-9f55-bba50cd34be7",
    "data": [
      {
        "text": "você sabe todos os estilos?",
        "userDefined": false
      }
    ],
    "isTemplate": false,
    "count": 0,
    "updated": 1511965297
  },
  {
    "id": "cb65dfdb-acbc-4b5f-9623-1524bd0a2e37",
    "data": [
      {
        "text": "todos os estilos?",
        "userDefined": false
      }
    ],
    "isTemplate": false,
    "count": 0,
    "updated": 1511965297
  },
  {
    "id": "374af536-d736-4a8c-bd0a-f0f0043cee85",
    "data": [
      {
        "text": "qualquer estilo?",
        "userDefined": false
      }
    ],
    "isTemplate": false,
    "count": 0,
    "updated": 1511965297
  },
  {
    "id": "178db926-a9d6-41b0-8d23-b1895b57f198",
    "data": [
      {
        "text": "sabe todos?",
        "userDefined": false
      }
    ],
    "isTemplate": false,
    "count": 0,
    "updated": 1511965297
  },
  {
    "id": "1a09cc20-7f45-4d01-94c0-ad346c33e5c4",
    "data": [
      {
        "text": "Qualquer ",
        "userDefined": false
      },
      {
        "text": "um",
        "meta": "@sys.ignore",
        "userDefined": false
      },
      {
        "text": "?",
        "userDefined": false
      }
    ],
    "isTemplate": false,
    "count": 0,
    "updated": 1511965297
  }
]