[
  {
    "id": "afac5cce-d203-466e-b033-8def26284186",
    "data": [
      {
        "text": "de qualquer maneira",
        "userDefined": false
      }
    ],
    "isTemplate": false,
    "count": 0,
    "updated": 1513600109
  },
  {
    "id": "3ee66785-9478-4dde-a0ea-274fb1dc146e",
    "data": [
      {
        "text": "pode escolher",
        "userDefined": false
      }
    ],
    "isTemplate": false,
    "count": 0,
    "updated": 1513600109
  },
  {
    "id": "31736f75-a5ed-4021-9a2a-90eee5986bfd",
    "data": [
      {
        "text": "não me importo",
        "userDefined": false
      }
    ],
    "isTemplate": false,
    "count": 0,
    "updated": 1513600109
  },
  {
    "id": "fee7294e-8db6-4623-9766-5d5978418ffa",
    "data": [
      {
        "text": "tanto faz",
        "userDefined": false
      }
    ],
    "isTemplate": false,
    "count": 0,
    "updated": 1513600109
  }
]