[
  {
    "id": "cd70f7c9-8a37-4271-b142-4d6a637d0e76",
    "data": [
      {
        "text": "Bom demais",
        "userDefined": false
      }
    ],
    "isTemplate": false,
    "count": 0
  },
  {
    "id": "e445cd85-fa15-4c00-b25f-cd8c6413c231",
    "data": [
      {
        "text": "Excelente",
        "userDefined": false
      }
    ],
    "isTemplate": false,
    "count": 0
  },
  {
    "id": "b95fdf17-c771-4bb6-99ca-886eca39b578",
    "data": [
      {
        "text": "Parece mesmo",
        "userDefined": false
      }
    ],
    "isTemplate": false,
    "count": 0
  },
  {
    "id": "849acca7-96ee-46d6-b6bf-cb6ca3cc18de",
    "data": [
      {
        "text": "Parece mesmo hein",
        "userDefined": false
      }
    ],
    "isTemplate": false,
    "count": 0
  },
  {
    "id": "022d881c-950b-4951-a9f6-c23562fe30ae",
    "data": [
      {
        "text": "maravilha",
        "userDefined": false
      }
    ],
    "isTemplate": false,
    "count": 1
  },
  {
    "id": "4d4e59c8-337f-48b9-87e4-6b965da5688f",
    "data": [
      {
        "text": "parece",
        "userDefined": false
      }
    ],
    "isTemplate": false,
    "count": 1
  },
  {
    "id": "77243ccd-5e73-446a-88fc-60f9a5b81000",
    "data": [
      {
        "text": "delícia hein?",
        "userDefined": false
      }
    ],
    "isTemplate": false,
    "count": 0
  },
  {
    "id": "a17ff78b-703e-4057-88a3-07274680e983",
    "data": [
      {
        "text": "delícia",
        "userDefined": false
      }
    ],
    "isTemplate": false,
    "count": 0
  },
  {
    "id": "24bad615-5685-40df-86fa-5b644e12cbe1",
    "data": [
      {
        "text": "bom",
        "userDefined": false
      }
    ],
    "isTemplate": false,
    "count": 1
  },
  {
    "id": "131f5878-828f-4368-87dd-4bae7a36886a",
    "data": [
      {
        "text": "aí eu quero",
        "userDefined": false
      }
    ],
    "isTemplate": false,
    "count": 1
  },
  {
    "id": "1eb7eacf-db66-473d-a1f8-2a286aa2bf9a",
    "data": [
      {
        "text": "Interessa",
        "userDefined": false
      }
    ],
    "isTemplate": false,
    "count": 0
  },
  {
    "id": "2889e4e9-4677-43e7-8705-37c5d0002b99",
    "data": [
      {
        "text": "perfeito",
        "userDefined": false
      }
    ],
    "isTemplate": false,
    "count": 0
  },
  {
    "id": "d3e7b5b5-9e3f-45e3-8c51-91fa4e2eabed",
    "data": [
      {
        "text": "valeu",
        "userDefined": false
      }
    ],
    "isTemplate": false,
    "count": 0,
    "updated": 1511466688
  },
  {
    "id": "eff719ee-ba27-4752-8c07-ce068c6663d2",
    "data": [
      {
        "text": "obrigado",
        "userDefined": false
      }
    ],
    "isTemplate": false,
    "count": 0,
    "updated": 1511466688
  },
  {
    "id": "a219296e-7d05-49d9-9841-6d7a71bcc4c3",
    "data": [
      {
        "text": "pode ser",
        "userDefined": false
      }
    ],
    "isTemplate": false,
    "count": 0
  },
  {
    "id": "6edf8cd8-3b40-4cea-ae12-81291a4caf11",
    "data": [
      {
        "text": "ok",
        "userDefined": false
      }
    ],
    "isTemplate": false,
    "count": 0,
    "updated": 1511466688
  },
  {
    "id": "8efbf162-f274-49fb-bdb5-4bcaabd6c983",
    "data": [
      {
        "text": "Sim obrigado",
        "userDefined": false
      }
    ],
    "isTemplate": false,
    "count": 0,
    "updated": 1511466688
  },
  {
    "id": "bd8d027f-0304-4187-866c-f9d27f9b4f95",
    "data": [
      {
        "text": "legal",
        "userDefined": false
      }
    ],
    "isTemplate": false,
    "count": 1
  },
  {
    "id": "290cbbae-9ae6-4551-9b19-fdc662d22740",
    "data": [
      {
        "text": "parece bom",
        "userDefined": false
      }
    ],
    "isTemplate": false,
    "count": 0
  },
  {
    "id": "deacda51-c301-4b8d-b79a-16e612d41c51",
    "data": [
      {
        "text": "interesso",
        "userDefined": false
      }
    ],
    "isTemplate": false,
    "count": 0
  },
  {
    "id": "54cba040-4db8-41d5-87c6-eca34a8c328d",
    "data": [
      {
        "text": "Aí você falou",
        "userDefined": false
      }
    ],
    "isTemplate": false,
    "count": 0
  },
  {
    "id": "c4b641c3-d944-4ba5-b138-8c69ff1ebed8",
    "data": [
      {
        "text": "Sim, interessa",
        "userDefined": false
      }
    ],
    "isTemplate": false,
    "count": 0
  },
  {
    "id": "f31b0398-fac4-4d86-99fe-ddafd058792e",
    "data": [
      {
        "text": "sim me interesso",
        "userDefined": false
      }
    ],
    "isTemplate": false,
    "count": 0
  },
  {
    "id": "bd60ca16-042a-4690-a9c1-0543a9ee913a",
    "data": [
      {
        "text": "Curti sim",
        "userDefined": false
      }
    ],
    "isTemplate": false,
    "count": 0
  },
  {
    "id": "cc7e1d32-0a83-4fe1-b377-d28c3d5d27ea",
    "data": [
      {
        "text": "Aí sim",
        "userDefined": false
      }
    ],
    "isTemplate": false,
    "count": 0
  },
  {
    "id": "d7430dbe-10c9-4ecb-95e3-a32aadbefe99",
    "data": [
      {
        "text": "melhor",
        "userDefined": false
      }
    ],
    "isTemplate": false,
    "count": 0
  },
  {
    "id": "4d78a307-e5d4-4784-a381-b8d34fd3d85b",
    "data": [
      {
        "text": "parece gostoso",
        "userDefined": false
      }
    ],
    "isTemplate": false,
    "count": 1
  },
  {
    "id": "622f3137-bce1-4ddb-8eb1-0701622ebf07",
    "data": [
      {
        "text": "Gostoso",
        "userDefined": false
      }
    ],
    "isTemplate": false,
    "count": 0
  },
  {
    "id": "838d2567-88f6-41a2-b39b-b6cddead0ab4",
    "data": [
      {
        "text": "beleza",
        "userDefined": false
      }
    ],
    "isTemplate": false,
    "count": 0
  },
  {
    "id": "14c49bcd-87a2-4e68-914c-ee24d0eb60a8",
    "data": [
      {
        "text": "muito obrigado",
        "userDefined": false
      }
    ],
    "isTemplate": false,
    "count": 0,
    "updated": 1511466688
  },
  {
    "id": "194a4b39-ce84-4b1f-9bd0-1e269b474dd8",
    "data": [
      {
        "text": "opa, valeu",
        "userDefined": false
      }
    ],
    "isTemplate": false,
    "count": 1
  },
  {
    "id": "49353615-fbf2-4b13-808a-ecde6ec23be6",
    "data": [
      {
        "text": "curti",
        "userDefined": false
      }
    ],
    "isTemplate": false,
    "count": 0
  },
  {
    "id": "2695dba0-6ae2-40ca-818e-3213b56b9158",
    "data": [
      {
        "text": "Sim",
        "userDefined": false
      }
    ],
    "isTemplate": false,
    "count": 0,
    "updated": 1511466688
  }
]