[
  {
    "id": "69ef6a2d-1bbe-4a0a-ae20-52c2854d699c",
    "data": [
      {
        "text": "me ajude a escolher ",
        "userDefined": false
      },
      {
        "text": "uma",
        "meta": "@sys.ignore",
        "userDefined": false
      },
      {
        "text": " cerveja ",
        "userDefined": false
      },
      {
        "text": "clara",
        "alias": "color",
        "meta": "@color",
        "userDefined": false
      },
      {
        "text": ", com ",
        "userDefined": false
      },
      {
        "text": "baixo teor alcoólico",
        "alias": "alcoholicVolume",
        "meta": "@alcoholicVolume",
        "userDefined": true
      },
      {
        "text": " e ",
        "userDefined": false
      },
      {
        "text": "menos amarga",
        "alias": "bitterness",
        "meta": "@bitterness",
        "userDefined": false
      }
    ],
    "isTemplate": false,
    "count": 0
  },
  {
    "id": "7c5e7eab-d7d4-4693-aaf9-678b64f967c3",
    "data": [
      {
        "text": "Quero ",
        "userDefined": false
      },
      {
        "text": "uma",
        "meta": "@sys.ignore",
        "userDefined": false
      },
      {
        "text": " cerveja ",
        "userDefined": false
      },
      {
        "text": "mais amarga",
        "alias": "bitterness",
        "meta": "@bitterness",
        "userDefined": true
      },
      {
        "text": ", ",
        "userDefined": false
      },
      {
        "text": "escura",
        "alias": "color",
        "meta": "@color",
        "userDefined": true
      },
      {
        "text": " e com ",
        "userDefined": false
      },
      {
        "text": "teor alcoólico mais alto",
        "alias": "alcoholicVolume",
        "meta": "@alcoholicVolume",
        "userDefined": true
      }
    ],
    "isTemplate": false,
    "count": 0,
    "updated": 1513774556
  }
]