[
  {
    "id": "1c58cf50-b663-44ed-b0cb-cedf8cca7ef4",
    "data": [
      {
        "text": "mais",
        "userDefined": false
      }
    ],
    "isTemplate": false,
    "count": 0,
    "updated": 1513599764
  },
  {
    "id": "6e400a4f-2acf-4524-98aa-812c841d7531",
    "data": [
      {
        "text": "mais alcoólica",
        "userDefined": false
      }
    ],
    "isTemplate": false,
    "count": 0
  },
  {
    "id": "83e10f35-6d7f-4aca-abb8-5ec228f3c15f",
    "data": [
      {
        "text": "mais forte",
        "userDefined": false
      }
    ],
    "isTemplate": false,
    "count": 0
  },
  {
    "id": "7f0e318d-aae1-493f-8eb0-66dc03686632",
    "data": [
      {
        "text": "mais alcool",
        "userDefined": false
      }
    ],
    "isTemplate": false,
    "count": 0
  },
  {
    "id": "a7d093cb-893a-4fe2-9aa5-3773a13e60fd",
    "data": [
      {
        "text": "bem alcólica",
        "userDefined": false
      }
    ],
    "isTemplate": false,
    "count": 0
  },
  {
    "id": "cc1357df-42e7-4c52-8eca-4ce4b9f8cbae",
    "data": [
      {
        "text": "mais alcólica",
        "userDefined": false
      }
    ],
    "isTemplate": false,
    "count": 0
  }
]