[
  {
    "id": "d1cc56c5-ad68-4016-8aec-a895c9b657c4",
    "data": [
      {
        "text": "leve",
        "userDefined": false
      }
    ],
    "isTemplate": false,
    "count": 0,
    "updated": 1513599952
  },
  {
    "id": "8dda36c1-a241-4fa9-a1d2-097c430f3c7e",
    "data": [
      {
        "text": "menos alcool",
        "userDefined": false
      }
    ],
    "isTemplate": false,
    "count": 0,
    "updated": 1513599952
  },
  {
    "id": "d1503aaa-2029-4291-a65a-3d46c05a1376",
    "data": [
      {
        "text": "menos alcólica",
        "userDefined": false
      }
    ],
    "isTemplate": false,
    "count": 0,
    "updated": 1513599952
  },
  {
    "id": "822789cc-7ce6-4727-86e1-97898a59ce7c",
    "data": [
      {
        "text": "menos",
        "userDefined": false
      }
    ],
    "isTemplate": false,
    "count": 0,
    "updated": 1513599952
  }
]