[
  {
    "id": "4ebc9906-7b6c-43cd-b99e-559c5d02bdca",
    "data": [
      {
        "text": "leve",
        "userDefined": false
      }
    ],
    "isTemplate": false,
    "count": 0,
    "updated": 1513599952
  },
  {
    "id": "8876a57b-68f2-424f-b4dd-e2fd8091fed3",
    "data": [
      {
        "text": "menos alcool",
        "userDefined": false
      }
    ],
    "isTemplate": false,
    "count": 0,
    "updated": 1513599952
  },
  {
    "id": "4e0f86fd-912a-473e-9727-c5eef265b22b",
    "data": [
      {
        "text": "menos alcólica",
        "userDefined": false
      }
    ],
    "isTemplate": false,
    "count": 0,
    "updated": 1513599952
  },
  {
    "id": "42703fb0-d010-414b-ac68-037da3ed7e44",
    "data": [
      {
        "text": "menos",
        "userDefined": false
      }
    ],
    "isTemplate": false,
    "count": 0,
    "updated": 1513599952
  }
]