[
  {
    "id": "ebf650af-11b3-4ca8-ac70-4616c56e4ed9",
    "data": [
      {
        "text": "sim",
        "userDefined": false
      }
    ],
    "isTemplate": false,
    "count": 1
  },
  {
    "id": "ae1eb4e8-d43c-43bb-a767-d8def494e3e2",
    "data": [
      {
        "text": "vamos",
        "userDefined": false
      }
    ],
    "isTemplate": false,
    "count": 2
  },
  {
    "id": "172602dc-4ff8-4276-9159-8c5f73a5ae7d",
    "data": [
      {
        "text": "Vamos sim",
        "userDefined": false
      }
    ],
    "isTemplate": false,
    "count": 0
  },
  {
    "id": "2c979e9b-1555-4b36-a316-9aca69e6b6bd",
    "data": [
      {
        "text": "Claro",
        "userDefined": false
      }
    ],
    "isTemplate": false,
    "count": 0
  },
  {
    "id": "048465ef-2794-40a7-8d8d-70dad737eabb",
    "data": [
      {
        "text": "quero harmonizar algum estilo de cerveja",
        "userDefined": false
      }
    ],
    "isTemplate": false,
    "count": 0
  },
  {
    "id": "addd8a4f-c185-4195-af10-154ec51264d2",
    "data": [
      {
        "text": "quero",
        "userDefined": false
      }
    ],
    "isTemplate": false,
    "count": 0
  },
  {
    "id": "930f154b-bf90-452f-a17b-31362850104a",
    "data": [
      {
        "text": "quero sim",
        "userDefined": false
      }
    ],
    "isTemplate": false,
    "count": 0
  },
  {
    "id": "72092698-d260-4776-b0b3-dfd26e3361ec",
    "data": [
      {
        "text": "vamos harmonizar algo",
        "userDefined": false
      }
    ],
    "isTemplate": false,
    "count": 0
  },
  {
    "id": "3d67abc9-7e8b-49ca-9e9a-2ba4cdfe9387",
    "data": [
      {
        "text": "vamos harmonizar alguma coisa",
        "userDefined": false
      }
    ],
    "isTemplate": false,
    "count": 0
  },
  {
    "id": "fa2a8702-ea6d-4c0a-bb9f-ce981b3b2b71",
    "data": [
      {
        "text": "ué vamos",
        "userDefined": false
      }
    ],
    "isTemplate": false,
    "count": 0
  },
  {
    "id": "5860e5d3-8ab2-4b32-9384-9268878164fd",
    "data": [
      {
        "text": "estou tomando uma ",
        "userDefined": false
      },
      {
        "text": "pilsen",
        "alias": "cerveja_estilo",
        "meta": "@cerveja_estilo",
        "userDefined": true
      },
      {
        "text": " o que eu posso comer",
        "userDefined": false
      }
    ],
    "isTemplate": false,
    "count": 0
  },
  {
    "id": "c872bc9e-9f58-40c7-b8b4-68c82395e1db",
    "data": [
      {
        "text": "OI, sim, quero",
        "userDefined": false
      }
    ],
    "isTemplate": false,
    "count": 0
  },
  {
    "id": "5c50123a-d801-4ac0-a3db-d42706bbcb41",
    "data": [
      {
        "text": "Olá, sim",
        "userDefined": false
      }
    ],
    "isTemplate": false,
    "count": 0
  },
  {
    "id": "aac5f6dc-afba-4f15-9161-40f66ae3c2a1",
    "data": [
      {
        "text": "Opa, sim",
        "userDefined": false
      }
    ],
    "isTemplate": false,
    "count": 0
  },
  {
    "id": "651a8a96-46ea-42e0-8c54-7b8186ee7b5e",
    "data": [
      {
        "text": "harmonizar cerveja com comida",
        "userDefined": false
      }
    ],
    "isTemplate": false,
    "count": 0
  },
  {
    "id": "45fbc085-dff7-4ea5-b1de-cfa17c80afdf",
    "data": [
      {
        "text": "cerveja ",
        "userDefined": false
      },
      {
        "text": "pilsen",
        "alias": "cerveja_estilo",
        "meta": "@cerveja_estilo",
        "userDefined": false
      }
    ],
    "isTemplate": false,
    "count": 0
  },
  {
    "id": "18cd8808-0111-4bbd-8cfd-362a6c606ad4",
    "data": [
      {
        "text": "Com que posso harmonizar ",
        "userDefined": false
      },
      {
        "text": "uma",
        "meta": "@sys.ignore",
        "userDefined": false
      },
      {
        "text": " cerveja ",
        "userDefined": false
      },
      {
        "text": "stout",
        "alias": "cerveja_estilo",
        "meta": "@cerveja_estilo",
        "userDefined": false
      }
    ],
    "isTemplate": false,
    "count": 0
  },
  {
    "id": "5c519af0-3ead-48fe-a016-af13a2e2ecf0",
    "data": [
      {
        "text": "harmonizar cerveja ",
        "userDefined": false
      },
      {
        "text": "pilsen",
        "alias": "cerveja_estilo",
        "meta": "@cerveja_estilo",
        "userDefined": false
      }
    ],
    "isTemplate": false,
    "count": 0
  },
  {
    "id": "f11bf5fc-b607-42dd-933a-0a519aac4b6d",
    "data": [
      {
        "text": "quero harmonizar ",
        "userDefined": false
      },
      {
        "text": "uma",
        "meta": "@sys.ignore",
        "userDefined": false
      },
      {
        "text": " cerveja ",
        "userDefined": false
      },
      {
        "text": "pilsen",
        "alias": "cerveja_estilo",
        "meta": "@cerveja_estilo",
        "userDefined": false
      }
    ],
    "isTemplate": false,
    "count": 0
  },
  {
    "id": "9b88fb9b-afcd-4c38-99c3-bdcfdf24406e",
    "data": [
      {
        "text": "harmonize ",
        "userDefined": false
      },
      {
        "text": "uma",
        "meta": "@sys.ignore",
        "userDefined": false
      },
      {
        "text": " ",
        "userDefined": false
      },
      {
        "text": "IPA",
        "alias": "cerveja_estilo",
        "meta": "@cerveja_estilo",
        "userDefined": false
      }
    ],
    "isTemplate": false,
    "count": 1
  },
  {
    "id": "5bc0e7d0-0c84-4730-9c36-fe75acfbf2d4",
    "data": [
      {
        "text": "ok então harmonize ",
        "userDefined": false
      },
      {
        "text": "uma",
        "meta": "@sys.ignore",
        "userDefined": false
      },
      {
        "text": " ",
        "userDefined": false
      },
      {
        "text": "IPA",
        "alias": "cerveja_estilo",
        "meta": "@cerveja_estilo",
        "userDefined": false
      }
    ],
    "isTemplate": false,
    "count": 1
  },
  {
    "id": "3d2e96a4-1131-449f-b22d-8045710def52",
    "data": [
      {
        "text": "OK, que tal harmonizar ",
        "userDefined": false
      },
      {
        "text": "uma",
        "meta": "@sys.ignore",
        "userDefined": false
      },
      {
        "text": " ",
        "userDefined": false
      },
      {
        "text": "Pilsen",
        "alias": "cerveja_estilo",
        "meta": "@cerveja_estilo",
        "userDefined": false
      },
      {
        "text": "?",
        "userDefined": false
      }
    ],
    "isTemplate": false,
    "count": 0
  },
  {
    "id": "d23d2608-6373-4810-9c0c-95af18499a6a",
    "data": [
      {
        "text": "O que harmoniza com ",
        "userDefined": false
      },
      {
        "text": "IPA",
        "alias": "cerveja_estilo",
        "meta": "@cerveja_estilo",
        "userDefined": true
      },
      {
        "text": "?",
        "userDefined": false
      }
    ],
    "isTemplate": false,
    "count": 0
  },
  {
    "id": "f261b936-14d9-47b2-b5d0-8ddd7a048763",
    "data": [
      {
        "text": "com que eu posso harmonizar a minha ",
        "userDefined": false
      },
      {
        "text": "IPA",
        "alias": "cerveja_estilo",
        "meta": "@cerveja_estilo",
        "userDefined": false
      },
      {
        "text": "?",
        "userDefined": false
      }
    ],
    "isTemplate": false,
    "count": 0
  },
  {
    "id": "a7d6ba8b-b6b9-4b1c-bbac-4f9b26701c04",
    "data": [
      {
        "text": "Com que posso harmonizar ",
        "userDefined": false
      },
      {
        "text": "uma",
        "meta": "@sys.ignore",
        "userDefined": false
      },
      {
        "text": " ",
        "userDefined": false
      },
      {
        "text": "IPA",
        "alias": "cerveja_estilo",
        "meta": "@cerveja_estilo",
        "userDefined": false
      },
      {
        "text": "?",
        "userDefined": false
      }
    ],
    "isTemplate": false,
    "count": 0
  },
  {
    "id": "3f3d94d0-5625-4781-8bae-1bc8f06fdc6f",
    "data": [
      {
        "text": "Beleza, então harmoniza ",
        "userDefined": false
      },
      {
        "text": "uma",
        "meta": "@sys.ignore",
        "userDefined": false
      },
      {
        "text": " ",
        "userDefined": false
      },
      {
        "text": "IPA",
        "alias": "cerveja_estilo",
        "meta": "@cerveja_estilo",
        "userDefined": false
      }
    ],
    "isTemplate": false,
    "count": 0
  },
  {
    "id": "9b6cf275-0185-48a8-96ef-0759dc10665b",
    "data": [
      {
        "text": "O que comer com minha ",
        "userDefined": false
      },
      {
        "text": "IPA",
        "alias": "cerveja_estilo",
        "meta": "@cerveja_estilo",
        "userDefined": false
      },
      {
        "text": "?",
        "userDefined": false
      }
    ],
    "isTemplate": false,
    "count": 1
  },
  {
    "id": "f122228e-5897-4863-80c0-983cfdec34c0",
    "data": [
      {
        "text": "o que harmoniza com ",
        "userDefined": false
      },
      {
        "text": "uma",
        "meta": "@sys.ignore",
        "userDefined": false
      },
      {
        "text": " ",
        "userDefined": false
      },
      {
        "text": "IPA",
        "alias": "cerveja_estilo",
        "meta": "@cerveja_estilo",
        "userDefined": false
      }
    ],
    "isTemplate": false,
    "count": 0
  },
  {
    "id": "36b61ffb-fc3f-4d76-8292-e05d6e708b25",
    "data": [
      {
        "text": "então harmoniza ",
        "userDefined": false
      },
      {
        "text": "uma",
        "meta": "@sys.ignore",
        "userDefined": false
      },
      {
        "text": " ",
        "userDefined": false
      },
      {
        "text": "IPA",
        "alias": "cerveja_estilo",
        "meta": "@cerveja_estilo",
        "userDefined": false
      }
    ],
    "isTemplate": false,
    "count": 0
  },
  {
    "id": "7fc921c8-7146-4c78-8186-62cf24c36865",
    "data": [
      {
        "text": "Sim quero harmonizar ",
        "userDefined": false
      },
      {
        "text": "uma",
        "meta": "@sys.ignore",
        "userDefined": false
      },
      {
        "text": " ",
        "userDefined": false
      },
      {
        "text": "IPA",
        "alias": "cerveja_estilo",
        "meta": "@cerveja_estilo",
        "userDefined": false
      }
    ],
    "isTemplate": false,
    "count": 0
  },
  {
    "id": "5208fc0d-1282-49af-899b-c7252ab9bfb7",
    "data": [
      {
        "text": "O que combina com ",
        "userDefined": false
      },
      {
        "text": "uma",
        "meta": "@sys.ignore",
        "userDefined": false
      },
      {
        "text": " ",
        "userDefined": false
      },
      {
        "text": "IPA",
        "alias": "cerveja_estilo",
        "meta": "@cerveja_estilo",
        "userDefined": true
      },
      {
        "text": "?",
        "userDefined": false
      }
    ],
    "isTemplate": false,
    "count": 0,
    "updated": 1511376124
  },
  {
    "id": "b4711df1-9999-4de7-bfd5-3fd0f0a2203a",
    "data": [
      {
        "text": "O que harmonizar com ",
        "userDefined": false
      },
      {
        "text": "uma",
        "meta": "@sys.ignore",
        "userDefined": false
      },
      {
        "text": " ",
        "userDefined": false
      },
      {
        "text": "Pilsen",
        "alias": "cerveja_estilo",
        "meta": "@cerveja_estilo",
        "userDefined": false
      },
      {
        "text": "?",
        "userDefined": false
      }
    ],
    "isTemplate": false,
    "count": 0
  },
  {
    "id": "20cfaf65-747d-41a4-94c4-a29444e36798",
    "data": [
      {
        "text": "O que comer acompanhado de ",
        "userDefined": false
      },
      {
        "text": "uma",
        "meta": "@sys.ignore",
        "userDefined": false
      },
      {
        "text": " ",
        "userDefined": false
      },
      {
        "text": "IPA",
        "alias": "cerveja_estilo",
        "meta": "@cerveja_estilo",
        "userDefined": true
      },
      {
        "text": "?",
        "userDefined": false
      }
    ],
    "isTemplate": false,
    "count": 0
  },
  {
    "id": "d895a939-fa63-4008-bab9-bdbccfb06442",
    "data": [
      {
        "text": "harmoniza ",
        "userDefined": false
      },
      {
        "text": "uma",
        "meta": "@sys.ignore",
        "userDefined": false
      },
      {
        "text": " ",
        "userDefined": false
      },
      {
        "text": "IPA",
        "alias": "cerveja_estilo",
        "meta": "@cerveja_estilo",
        "userDefined": false
      }
    ],
    "isTemplate": false,
    "count": 0
  },
  {
    "id": "88d1f638-0094-464f-a8ac-f8a2ed211193",
    "data": [
      {
        "text": "OK, o que harmonizar com ",
        "userDefined": false
      },
      {
        "text": "IPA",
        "alias": "cerveja_estilo",
        "meta": "@cerveja_estilo",
        "userDefined": false
      }
    ],
    "isTemplate": false,
    "count": 0
  },
  {
    "id": "29176588-5f4b-45ff-99ae-e5545fdae7cc",
    "data": [
      {
        "text": "Harmonizar ",
        "userDefined": false
      },
      {
        "text": "IPA",
        "alias": "cerveja_estilo",
        "meta": "@cerveja_estilo",
        "userDefined": false
      }
    ],
    "isTemplate": false,
    "count": 0
  },
  {
    "id": "660a55af-243c-4691-966e-d6f2b7374e96",
    "data": [
      {
        "text": "Tenho ",
        "userDefined": false
      },
      {
        "text": "uma",
        "meta": "@sys.ignore",
        "userDefined": false
      },
      {
        "text": " ",
        "userDefined": false
      },
      {
        "text": "IPA",
        "alias": "cerveja_estilo",
        "meta": "@cerveja_estilo",
        "userDefined": true
      },
      {
        "text": ", o que posso comer para harmonizar?",
        "userDefined": false
      }
    ],
    "isTemplate": false,
    "count": 0
  },
  {
    "id": "3181e334-7be7-4548-9fc1-bc4567bdf8aa",
    "data": [
      {
        "text": "Tá bom, o que harmonizar com ",
        "userDefined": false
      },
      {
        "text": "IPA",
        "alias": "cerveja_estilo",
        "meta": "@cerveja_estilo",
        "userDefined": false
      }
    ],
    "isTemplate": false,
    "count": 0
  },
  {
    "id": "633e6aeb-66f8-403f-bd64-ac0e4635230b",
    "data": [
      {
        "text": "Sim, ",
        "userDefined": false
      },
      {
        "text": "IPA",
        "alias": "cerveja_estilo",
        "meta": "@cerveja_estilo",
        "userDefined": false
      }
    ],
    "isTemplate": false,
    "count": 0
  },
  {
    "id": "89b632bd-3def-4d6e-ad28-5371f2221091",
    "data": [
      {
        "text": "sim, vamos harmonize ",
        "userDefined": false
      },
      {
        "text": "uma",
        "meta": "@sys.ignore",
        "userDefined": false
      },
      {
        "text": " ",
        "userDefined": false
      },
      {
        "text": "IPA",
        "alias": "cerveja_estilo",
        "meta": "@cerveja_estilo",
        "userDefined": false
      }
    ],
    "isTemplate": false,
    "count": 1
  },
  {
    "id": "0a73605c-a1ec-4ee2-ab4a-9ea26c408897",
    "data": [
      {
        "text": "O que combinar com ",
        "userDefined": false
      },
      {
        "text": "uma",
        "meta": "@sys.ignore",
        "userDefined": false
      },
      {
        "text": " ",
        "userDefined": false
      },
      {
        "text": "IPA",
        "alias": "cerveja_estilo",
        "meta": "@cerveja_estilo",
        "userDefined": false
      },
      {
        "text": "?",
        "userDefined": false
      }
    ],
    "isTemplate": false,
    "count": 0
  },
  {
    "id": "20dd811e-918f-425f-9de4-9b1152ca5de6",
    "data": [
      {
        "text": "IPA",
        "alias": "cerveja_estilo",
        "meta": "@cerveja_estilo",
        "userDefined": false
      }
    ],
    "isTemplate": false,
    "count": 1
  },
  {
    "id": "80137b05-1810-4b3e-bd68-202344a65c68",
    "data": [
      {
        "text": "O que comer com ",
        "userDefined": false
      },
      {
        "text": "uma",
        "meta": "@sys.ignore",
        "userDefined": false
      },
      {
        "text": " ",
        "userDefined": false
      },
      {
        "text": "IPA",
        "alias": "cerveja_estilo",
        "meta": "@cerveja_estilo",
        "userDefined": false
      },
      {
        "text": "?",
        "userDefined": false
      }
    ],
    "isTemplate": false,
    "count": 0
  }
]