[
  {
    "id": "f653c565-4956-4d81-80c0-214fb8f2f015",
    "data": [
      {
        "text": "muito menos ",
        "userDefined": false
      },
      {
        "text": "Escargot",
        "alias": "comida",
        "meta": "@comida",
        "userDefined": true
      }
    ],
    "isTemplate": false,
    "count": 0
  },
  {
    "id": "966b5fd3-08fe-4bff-9cd8-2d516c054768",
    "data": [
      {
        "text": "não não como ",
        "userDefined": false
      },
      {
        "text": "frutos do mar",
        "alias": "comida",
        "meta": "@comida",
        "userDefined": true
      }
    ],
    "isTemplate": false,
    "count": 0
  },
  {
    "id": "93a5e033-0117-4ca8-98cc-e96968bcd9ec",
    "data": [
      {
        "text": "quero outro tipo de comida",
        "userDefined": false
      }
    ],
    "isTemplate": false,
    "count": 0
  },
  {
    "id": "b6a7ec85-6751-440b-99bf-0121435d6d8b",
    "data": [
      {
        "text": "Surubim",
        "alias": "comida",
        "meta": "@comida",
        "userDefined": true
      },
      {
        "text": " não gosto",
        "userDefined": false
      }
    ],
    "isTemplate": false,
    "count": 0
  },
  {
    "id": "1e532f29-9282-4aa4-a447-8d7d34ba5dbb",
    "data": [
      {
        "text": "não quero isso",
        "userDefined": false
      }
    ],
    "isTemplate": false,
    "count": 0
  },
  {
    "id": "66153422-be01-46f4-afff-3cf569b42781",
    "data": [
      {
        "text": "que não gostei",
        "userDefined": false
      }
    ],
    "isTemplate": false,
    "count": 0
  },
  {
    "id": "a0e17321-c521-45e2-9de0-100cef7ff43d",
    "data": [
      {
        "text": "Não me parece bom",
        "userDefined": false
      }
    ],
    "isTemplate": false,
    "count": 0
  },
  {
    "id": "e096ee33-898f-44b9-8fdc-eec32b5e3a58",
    "data": [
      {
        "text": "eu não acho",
        "userDefined": false
      }
    ],
    "isTemplate": false,
    "count": 0
  },
  {
    "id": "ae9ab0f5-2631-4866-85a5-a10afa4ee35e",
    "data": [
      {
        "text": "o que mais",
        "userDefined": false
      }
    ],
    "isTemplate": false,
    "count": 0
  },
  {
    "id": "39dca5b8-12fc-457c-aa45-5df15398933a",
    "data": [
      {
        "text": "outra coisa",
        "userDefined": false
      }
    ],
    "isTemplate": false,
    "count": 0
  },
  {
    "id": "c91aeb96-8614-42af-aad0-f1be00289b42",
    "data": [
      {
        "text": "ostras",
        "alias": "comida",
        "meta": "@comida",
        "userDefined": true
      },
      {
        "text": " não",
        "userDefined": false
      }
    ],
    "isTemplate": false,
    "count": 0
  },
  {
    "id": "1fffaa1a-3f88-46aa-85d9-404ac38e269e",
    "data": [
      {
        "text": "não gosto de ",
        "userDefined": false
      },
      {
        "text": "ostras",
        "alias": "comida",
        "meta": "@comida",
        "userDefined": true
      }
    ],
    "isTemplate": false,
    "count": 0
  },
  {
    "id": "e8c1d7d2-d621-47de-8cc7-838835073133",
    "data": [
      {
        "text": "também não",
        "userDefined": false
      }
    ],
    "isTemplate": false,
    "count": 1
  },
  {
    "id": "77b23806-45a5-47c2-8f65-92cc483d39fc",
    "data": [
      {
        "text": "não gosto de ",
        "userDefined": false
      },
      {
        "text": "Mexilhões",
        "alias": "comida",
        "meta": "@comida",
        "userDefined": true
      }
    ],
    "isTemplate": false,
    "count": 0
  },
  {
    "id": "84c85bdf-a7e3-48d1-9a15-b219c60a0c20",
    "data": [
      {
        "text": "também não quero ",
        "userDefined": false
      },
      {
        "text": "Nachos",
        "alias": "comida",
        "meta": "@comida",
        "userDefined": true
      }
    ],
    "isTemplate": false,
    "count": 2
  },
  {
    "id": "5a581f9f-69bc-4137-9e3c-f429c4c9f78c",
    "data": [
      {
        "text": "não, não quero ",
        "userDefined": false
      },
      {
        "text": "comida",
        "alias": "comida",
        "meta": "@comida",
        "userDefined": true
      }
    ],
    "isTemplate": false,
    "count": 2
  },
  {
    "id": "2947d5c4-e1f3-453c-8402-d061a7cd2f64",
    "data": [
      {
        "text": "a não",
        "userDefined": false
      }
    ],
    "isTemplate": false,
    "count": 0
  },
  {
    "id": "4a8a9cc3-9651-469b-a5ea-5ba7efb06f2d",
    "data": [
      {
        "text": "naaaaa",
        "userDefined": false
      }
    ],
    "isTemplate": false,
    "count": 0,
    "updated": 1511465086
  },
  {
    "id": "ce486dd0-b0e8-4639-b7f9-c1ad9de1e472",
    "data": [
      {
        "text": "Nope",
        "userDefined": false
      }
    ],
    "isTemplate": false,
    "count": 0,
    "updated": 1511465086
  },
  {
    "id": "d22a1f1e-1e98-472e-ac77-e2a7d6a0ce5b",
    "data": [
      {
        "text": "você tem outra sugestão?",
        "userDefined": false
      }
    ],
    "isTemplate": false,
    "count": 0
  },
  {
    "id": "efd11b23-23ae-4376-a802-6b7502422e33",
    "data": [
      {
        "text": "o que mais?",
        "userDefined": false
      }
    ],
    "isTemplate": false,
    "count": 1
  },
  {
    "id": "da09f851-4b7e-4341-bfd6-c279f34b63c9",
    "data": [
      {
        "text": "Não gosto",
        "userDefined": false
      }
    ],
    "isTemplate": false,
    "count": 0,
    "updated": 1511465086
  },
  {
    "id": "17d36387-3a13-48d2-b6d6-6abbbfc109db",
    "data": [
      {
        "text": "discordo",
        "userDefined": false
      }
    ],
    "isTemplate": false,
    "count": 0,
    "updated": 1511465086
  },
  {
    "id": "962d0372-03c8-4975-8501-4e0c6e3316ba",
    "data": [
      {
        "text": "passo",
        "userDefined": false
      }
    ],
    "isTemplate": false,
    "count": 0,
    "updated": 1511465086
  },
  {
    "id": "608c2a07-8919-4e86-997b-1ea339a099f6",
    "data": [
      {
        "text": "tem outra opção?",
        "userDefined": false
      }
    ],
    "isTemplate": false,
    "count": 0
  },
  {
    "id": "d0618c20-1730-4aa8-9aaa-1f1ad6803c7c",
    "data": [
      {
        "text": "eu não",
        "userDefined": false
      }
    ],
    "isTemplate": false,
    "count": 0
  },
  {
    "id": "df67617c-3cea-4e4a-b887-af0ef9ca0109",
    "data": [
      {
        "text": "tem outra coisa?",
        "userDefined": false
      }
    ],
    "isTemplate": false,
    "count": 0,
    "updated": 1511465086
  },
  {
    "id": "867be136-5eb3-4458-b0be-d3d99ec826ef",
    "data": [
      {
        "text": "não curti",
        "userDefined": false
      }
    ],
    "isTemplate": false,
    "count": 0
  },
  {
    "id": "1978ed7e-f6eb-41d5-9c09-0ea5e5695ebf",
    "data": [
      {
        "text": "não obrigado",
        "userDefined": false
      }
    ],
    "isTemplate": false,
    "count": 0,
    "updated": 1511465086
  },
  {
    "id": "a4827665-4131-4418-b769-058abd880fa6",
    "data": [
      {
        "text": "nao gosto nao",
        "userDefined": false
      }
    ],
    "isTemplate": false,
    "count": 0
  },
  {
    "id": "7504f38e-60b1-4914-a9fc-8831ad7e2ade",
    "data": [
      {
        "text": "credo",
        "userDefined": false
      }
    ],
    "isTemplate": false,
    "count": 1
  },
  {
    "id": "83f5efed-bf65-4635-a474-b6bc69e5ccef",
    "data": [
      {
        "text": "não tem outra coisa",
        "userDefined": false
      }
    ],
    "isTemplate": false,
    "count": 0
  },
  {
    "id": "87601fb4-4fba-4692-97e6-911718bed277",
    "data": [
      {
        "text": "Não",
        "userDefined": false
      }
    ],
    "isTemplate": false,
    "count": 0,
    "updated": 1511465086
  }
]