[
  {
    "id": "6aa2d5a2-7ef5-4412-88e3-ea8616d7ecba",
    "data": [
      {
        "text": "tem outro",
        "userDefined": false
      }
    ],
    "isTemplate": false,
    "count": 0
  },
  {
    "id": "39599f32-cc57-4c4c-9624-60bd06fb9feb",
    "data": [
      {
        "text": "próximo",
        "userDefined": false
      }
    ],
    "isTemplate": false,
    "count": 0,
    "updated": 1513189821
  },
  {
    "id": "33d6e261-5854-4a0a-8cbb-05ba29d6dd80",
    "data": [
      {
        "text": "próxima",
        "userDefined": false
      }
    ],
    "isTemplate": false,
    "count": 0,
    "updated": 1513189821
  },
  {
    "id": "ee09b113-6807-4295-a672-d103cdb07595",
    "data": [
      {
        "text": "outra",
        "userDefined": false
      }
    ],
    "isTemplate": false,
    "count": 0,
    "updated": 1513189821
  },
  {
    "id": "46d644b4-7303-49e9-b8a8-59517f6316d9",
    "data": [
      {
        "text": "passa",
        "userDefined": false
      }
    ],
    "isTemplate": false,
    "count": 0,
    "updated": 1513189821
  },
  {
    "id": "615115d1-2544-46d7-bab4-75460d65fb3f",
    "data": [
      {
        "text": "pula",
        "userDefined": false
      }
    ],
    "isTemplate": false,
    "count": 0,
    "updated": 1513189821
  },
  {
    "id": "a09ba7d5-7962-4762-b167-a8957f2b0ab9",
    "data": [
      {
        "text": "o que mais",
        "userDefined": false
      }
    ],
    "isTemplate": false,
    "count": 0,
    "updated": 1513189821
  },
  {
    "id": "286d1d16-366a-4be4-a03b-8525abc82498",
    "data": [
      {
        "text": "tem outra cerveja",
        "userDefined": false
      }
    ],
    "isTemplate": false,
    "count": 0,
    "updated": 1513189821
  },
  {
    "id": "8fd7e71a-af3c-4a82-a071-05e09c8a5169",
    "data": [
      {
        "text": "tem outra coisa",
        "userDefined": false
      }
    ],
    "isTemplate": false,
    "count": 0,
    "updated": 1513189821
  },
  {
    "id": "14c3a960-dcae-4d2b-96d7-b89feecb3c0f",
    "data": [
      {
        "text": "não",
        "userDefined": false
      }
    ],
    "isTemplate": false,
    "count": 0,
    "updated": 1513189821
  }
]