[
  {
    "id": "b7121cb3-05f8-456a-9c0c-fccfa7c2fb43",
    "data": [
      {
        "text": "eu não",
        "userDefined": false
      }
    ],
    "isTemplate": false,
    "count": 0
  },
  {
    "id": "9c61c658-4117-4dfd-9591-0992e523154c",
    "data": [
      {
        "text": "quero outro tipo de comida",
        "userDefined": false
      }
    ],
    "isTemplate": false,
    "count": 0
  },
  {
    "id": "9f7eeb51-3cfb-4980-a70b-a1ab153d2273",
    "data": [
      {
        "text": "Não me parece bom",
        "userDefined": false
      }
    ],
    "isTemplate": false,
    "count": 0
  },
  {
    "id": "2fae295f-4592-4b78-adab-2fb484dcded7",
    "data": [
      {
        "text": "discordo",
        "userDefined": false
      }
    ],
    "isTemplate": false,
    "count": 0,
    "updated": 1511465086
  },
  {
    "id": "510e556f-02f2-46d6-ac08-d78ca16d6f46",
    "data": [
      {
        "text": "muito menos ",
        "userDefined": false
      },
      {
        "text": "Escargot",
        "alias": "comida",
        "meta": "@comida",
        "userDefined": true
      }
    ],
    "isTemplate": false,
    "count": 0
  },
  {
    "id": "4042a9ce-1802-4a7b-bad4-7302b7e45193",
    "data": [
      {
        "text": "credo",
        "userDefined": false
      }
    ],
    "isTemplate": false,
    "count": 1
  },
  {
    "id": "a0a187c4-5928-4c16-b638-7f3adf9fd59a",
    "data": [
      {
        "text": "que não gostei",
        "userDefined": false
      }
    ],
    "isTemplate": false,
    "count": 0
  },
  {
    "id": "6e842117-5293-47fa-9354-9d8a8c79f421",
    "data": [
      {
        "text": "também não quero ",
        "userDefined": false
      },
      {
        "text": "Nachos",
        "alias": "comida",
        "meta": "@comida",
        "userDefined": true
      }
    ],
    "isTemplate": false,
    "count": 2
  },
  {
    "id": "759cce2f-bf02-42d3-aeaf-8ebdaea4ee83",
    "data": [
      {
        "text": "não não como ",
        "userDefined": false
      },
      {
        "text": "frutos do mar",
        "alias": "comida",
        "meta": "@comida",
        "userDefined": true
      }
    ],
    "isTemplate": false,
    "count": 0
  },
  {
    "id": "b00af0f0-bca1-439e-aef0-876a59380a5b",
    "data": [
      {
        "text": "eu não acho",
        "userDefined": false
      }
    ],
    "isTemplate": false,
    "count": 0
  },
  {
    "id": "a944e4ec-b916-4ea3-ba03-0f38d64cbb12",
    "data": [
      {
        "text": "o que mais",
        "userDefined": false
      }
    ],
    "isTemplate": false,
    "count": 0
  },
  {
    "id": "d448e655-64a4-41ee-9bd4-288b1794cb83",
    "data": [
      {
        "text": "ostras",
        "alias": "comida",
        "meta": "@comida",
        "userDefined": true
      },
      {
        "text": " não",
        "userDefined": false
      }
    ],
    "isTemplate": false,
    "count": 0
  },
  {
    "id": "4d4d8ec4-028f-459b-b6f7-7dfd11ae5681",
    "data": [
      {
        "text": "também não",
        "userDefined": false
      }
    ],
    "isTemplate": false,
    "count": 1
  },
  {
    "id": "31c7b719-2a66-4b2f-b73a-7adf2a103ef0",
    "data": [
      {
        "text": "não gosto de ",
        "userDefined": false
      },
      {
        "text": "ostras",
        "alias": "comida",
        "meta": "@comida",
        "userDefined": true
      }
    ],
    "isTemplate": false,
    "count": 0
  },
  {
    "id": "4900c886-c013-454b-83b5-4779866f6255",
    "data": [
      {
        "text": "tem outra opção?",
        "userDefined": false
      }
    ],
    "isTemplate": false,
    "count": 0
  },
  {
    "id": "df843f56-b462-458a-8ae0-96fb2b42d7c7",
    "data": [
      {
        "text": "não tem outra coisa",
        "userDefined": false
      }
    ],
    "isTemplate": false,
    "count": 0
  },
  {
    "id": "29327c42-d9a7-4e1b-ae2e-31cb210c0dc8",
    "data": [
      {
        "text": "Surubim",
        "alias": "comida",
        "meta": "@comida",
        "userDefined": true
      },
      {
        "text": " não gosto",
        "userDefined": false
      }
    ],
    "isTemplate": false,
    "count": 0
  },
  {
    "id": "c4e37c7f-7ee3-4c7a-b7eb-6feaefdfcda5",
    "data": [
      {
        "text": "o que mais?",
        "userDefined": false
      }
    ],
    "isTemplate": false,
    "count": 1
  },
  {
    "id": "e8035e4c-2f92-4076-9adb-eb205d726763",
    "data": [
      {
        "text": "não, não quero ",
        "userDefined": false
      },
      {
        "text": "comida",
        "alias": "comida",
        "meta": "@comida",
        "userDefined": true
      }
    ],
    "isTemplate": false,
    "count": 2
  },
  {
    "id": "e4b59407-686e-4359-b54b-e2e063dda5d4",
    "data": [
      {
        "text": "naaaaa",
        "userDefined": false
      }
    ],
    "isTemplate": false,
    "count": 0,
    "updated": 1511465086
  },
  {
    "id": "2bfbcf95-a603-4e27-aff7-8d0b30ac6356",
    "data": [
      {
        "text": "não obrigado",
        "userDefined": false
      }
    ],
    "isTemplate": false,
    "count": 0,
    "updated": 1511465086
  },
  {
    "id": "8f67ef9e-731f-46b5-9f54-ab7baa618428",
    "data": [
      {
        "text": "outra coisa",
        "userDefined": false
      }
    ],
    "isTemplate": false,
    "count": 0
  },
  {
    "id": "fcef93d2-461c-41cf-b817-794cb86b5ef6",
    "data": [
      {
        "text": "a não",
        "userDefined": false
      }
    ],
    "isTemplate": false,
    "count": 0
  },
  {
    "id": "a079727b-49d6-4710-a742-1a79b2e2fe72",
    "data": [
      {
        "text": "não gosto de ",
        "userDefined": false
      },
      {
        "text": "Mexilhões",
        "alias": "comida",
        "meta": "@comida",
        "userDefined": true
      }
    ],
    "isTemplate": false,
    "count": 0
  },
  {
    "id": "01010f4f-9ac8-4314-8edb-471e0e7aec20",
    "data": [
      {
        "text": "você tem outra sugestão?",
        "userDefined": false
      }
    ],
    "isTemplate": false,
    "count": 0
  },
  {
    "id": "59db3fc3-5549-4810-b76a-e98abb717cac",
    "data": [
      {
        "text": "não quero isso",
        "userDefined": false
      }
    ],
    "isTemplate": false,
    "count": 0
  },
  {
    "id": "9723727d-dfd9-41bd-aeae-fc8c9b997dc9",
    "data": [
      {
        "text": "nao gosto nao",
        "userDefined": false
      }
    ],
    "isTemplate": false,
    "count": 0
  },
  {
    "id": "64062e17-92b3-481d-a935-7958bda712da",
    "data": [
      {
        "text": "passo",
        "userDefined": false
      }
    ],
    "isTemplate": false,
    "count": 0,
    "updated": 1511465086
  },
  {
    "id": "cf26b4fd-0a2a-4e70-a1ae-7b50e1cfed92",
    "data": [
      {
        "text": "tem outra coisa?",
        "userDefined": false
      }
    ],
    "isTemplate": false,
    "count": 0,
    "updated": 1511465086
  },
  {
    "id": "ec7869b7-890d-4a36-bd1b-3155be8c7611",
    "data": [
      {
        "text": "não curti",
        "userDefined": false
      }
    ],
    "isTemplate": false,
    "count": 0
  },
  {
    "id": "a5e8c7d6-8c5f-47f1-b563-5131b1533e95",
    "data": [
      {
        "text": "Não",
        "userDefined": false
      }
    ],
    "isTemplate": false,
    "count": 0,
    "updated": 1511465086
  },
  {
    "id": "37c8fdc6-126f-494c-9835-3afbc4b9a30d",
    "data": [
      {
        "text": "Nope",
        "userDefined": false
      }
    ],
    "isTemplate": false,
    "count": 0,
    "updated": 1511465086
  },
  {
    "id": "8a7321d5-48ce-4738-a2d9-ec09679cb1ce",
    "data": [
      {
        "text": "Não gosto",
        "userDefined": false
      }
    ],
    "isTemplate": false,
    "count": 0,
    "updated": 1511465086
  }
]