[
  {
    "id": "1d4801d4-4fd7-44a9-bcf1-b6d0590e6ef3",
    "data": [
      {
        "text": "ainda não",
        "userDefined": false
      }
    ],
    "isTemplate": false,
    "count": 0
  },
  {
    "id": "d8676f0b-ebcb-41be-833b-a70342ab910b",
    "data": [
      {
        "text": "puts não tenho",
        "userDefined": false
      }
    ],
    "isTemplate": false,
    "count": 0,
    "updated": 1511785839
  },
  {
    "id": "58adf2e2-f728-4c8d-8ff5-37d0a2160d27",
    "data": [
      {
        "text": "Não tenho",
        "userDefined": false
      }
    ],
    "isTemplate": false,
    "count": 0,
    "updated": 1511785839
  },
  {
    "id": "94a8ae45-8e4e-45e2-9725-93003437b0d9",
    "data": [
      {
        "text": "puts, não",
        "userDefined": false
      }
    ],
    "isTemplate": false,
    "count": 0,
    "updated": 1511785839
  },
  {
    "id": "7496f276-c3ee-46cd-aa52-a98643d43338",
    "data": [
      {
        "text": "errado",
        "userDefined": false
      }
    ],
    "isTemplate": false,
    "count": 0
  },
  {
    "id": "6d8a5bb9-b332-4995-ba68-14cf832a27eb",
    "data": [
      {
        "text": "Não",
        "userDefined": false
      }
    ],
    "isTemplate": false,
    "count": 0,
    "updated": 1511785839
  },
  {
    "id": "329acd97-3812-4094-9914-6dbed46b053d",
    "data": [
      {
        "text": "não não",
        "userDefined": false
      }
    ],
    "isTemplate": false,
    "count": 0,
    "updated": 1511785839
  }
]