[
  {
    "id": "be093c72-9533-4681-a745-1499478fd046",
    "data": [
      {
        "text": "tem outra",
        "userDefined": false
      }
    ],
    "isTemplate": false,
    "count": 0,
    "updated": 1513697841
  },
  {
    "id": "bfb22004-9716-4b6b-8d90-54780e00ca36",
    "data": [
      {
        "text": "o que mais",
        "userDefined": false
      }
    ],
    "isTemplate": false,
    "count": 0,
    "updated": 1513697841
  },
  {
    "id": "1ace8630-4f9d-4b91-8733-19f72dd484db",
    "data": [
      {
        "text": "não quero não",
        "userDefined": false
      }
    ],
    "isTemplate": false,
    "count": 0,
    "updated": 1513697841
  },
  {
    "id": "57765a4e-5f9e-4a51-a4e2-c53a1df0a64e",
    "data": [
      {
        "text": "não",
        "userDefined": false
      }
    ],
    "isTemplate": false,
    "count": 0,
    "updated": 1513697841
  }
]