[
  {
    "id": "d73d3c86-ceb5-4017-893b-a4676273af30",
    "data": [
      {
        "text": "sabe tudo?",
        "userDefined": false
      }
    ],
    "isTemplate": false,
    "count": 0,
    "updated": 1511965297
  },
  {
    "id": "06b5f415-0089-45f2-8121-8420c1c1bee4",
    "data": [
      {
        "text": "sabe tudo hein?",
        "userDefined": false
      }
    ],
    "isTemplate": false,
    "count": 0,
    "updated": 1511965297
  },
  {
    "id": "3f9cb51e-9eeb-489f-939c-b98072357231",
    "data": [
      {
        "text": "sabe todos?",
        "userDefined": false
      }
    ],
    "isTemplate": false,
    "count": 0,
    "updated": 1511965297
  },
  {
    "id": "f39fd023-c080-4847-b134-18d34a81a9b1",
    "data": [
      {
        "text": "todos os estilos?",
        "userDefined": false
      }
    ],
    "isTemplate": false,
    "count": 0,
    "updated": 1511965297
  },
  {
    "id": "cc725551-34a7-4ae4-8270-e858523ae166",
    "data": [
      {
        "text": "sabichona",
        "userDefined": false
      }
    ],
    "isTemplate": false,
    "count": 0,
    "updated": 1511965297
  },
  {
    "id": "cdd28430-4a81-4c54-b22e-e304192280d6",
    "data": [
      {
        "text": "qualquer estilo?",
        "userDefined": false
      }
    ],
    "isTemplate": false,
    "count": 0,
    "updated": 1511965297
  },
  {
    "id": "3e1f1ec1-27a0-45bc-828c-e53b26ad2563",
    "data": [
      {
        "text": "você sabe todos os estilos?",
        "userDefined": false
      }
    ],
    "isTemplate": false,
    "count": 0,
    "updated": 1511965297
  }
]