[
  {
    "id": "53986d2a-bd33-494e-a097-2d74e66f9250",
    "data": [
      {
        "text": "quero saber mais sobre harmonização de cerveja",
        "userDefined": false
      }
    ],
    "isTemplate": false,
    "count": 0
  },
  {
    "id": "8d6b026f-8241-4319-a2d4-b6f892242119",
    "data": [
      {
        "text": "eu quero saber mais",
        "userDefined": false
      }
    ],
    "isTemplate": false,
    "count": 0
  },
  {
    "id": "3c4ba979-c7cc-4726-ac43-12c201272cc8",
    "data": [
      {
        "text": "tá eu quero saber",
        "userDefined": false
      }
    ],
    "isTemplate": false,
    "count": 0
  },
  {
    "id": "6a6945b8-bd51-44ef-953c-5e707130fd86",
    "data": [
      {
        "text": "quero saber",
        "userDefined": false
      }
    ],
    "isTemplate": false,
    "count": 0
  },
  {
    "id": "a3649466-8206-45a2-bbe8-99b83032dc47",
    "data": [
      {
        "text": "Quero saber sobre harmonização de cerveja",
        "userDefined": false
      }
    ],
    "isTemplate": false,
    "count": 0
  },
  {
    "id": "b3f63973-7881-4dca-8207-67f9f2fd2586",
    "data": [
      {
        "text": "o que que você faz",
        "userDefined": false
      }
    ],
    "isTemplate": false,
    "count": 0
  },
  {
    "id": "833e34b5-5a2c-431a-a8a3-501caa2d1929",
    "data": [
      {
        "text": "mando nada",
        "userDefined": false
      }
    ],
    "isTemplate": false,
    "count": 0
  },
  {
    "id": "17c87825-21a4-4176-89d6-0be0f2e96cda",
    "data": [
      {
        "text": "nada",
        "userDefined": false
      }
    ],
    "isTemplate": false,
    "count": 0
  },
  {
    "id": "ea7817fc-d602-4b9d-ab47-22163e9b579a",
    "data": [
      {
        "text": "o que perguntar",
        "userDefined": false
      }
    ],
    "isTemplate": false,
    "count": 0,
    "updated": 1511787584
  },
  {
    "id": "7bf2a026-9c70-4325-a1e9-9b4a2767b345",
    "data": [
      {
        "text": "perguntar o que",
        "userDefined": false
      }
    ],
    "isTemplate": false,
    "count": 0
  },
  {
    "id": "0c55f021-c76e-45de-a966-bd431627ddd7",
    "data": [
      {
        "text": "o que falar",
        "userDefined": false
      }
    ],
    "isTemplate": false,
    "count": 0,
    "updated": 1511787584
  },
  {
    "id": "30172f8a-be2f-4a08-a920-e727112d90f0",
    "data": [
      {
        "text": "o que vc faz",
        "userDefined": false
      }
    ],
    "isTemplate": false,
    "count": 0,
    "updated": 1511787584
  },
  {
    "id": "d831bddf-1b40-4be1-b6b4-fb63903faa99",
    "data": [
      {
        "text": "o que que você quer que eu diga",
        "userDefined": false
      }
    ],
    "isTemplate": false,
    "count": 0
  },
  {
    "id": "2a8981e3-7586-4eb9-a836-eb243cd9cfd6",
    "data": [
      {
        "text": "não sei o que falar",
        "userDefined": false
      }
    ],
    "isTemplate": false,
    "count": 0,
    "updated": 1511787584
  },
  {
    "id": "6218586d-8206-4556-a069-3da7c852fb84",
    "data": [
      {
        "text": "o que você sabe fazer",
        "userDefined": false
      }
    ],
    "isTemplate": false,
    "count": 0,
    "updated": 1511787584
  },
  {
    "id": "411a62d1-2a4b-4706-bcea-a4714aae4bda",
    "data": [
      {
        "text": "nao sei o que dizer",
        "userDefined": false
      }
    ],
    "isTemplate": false,
    "count": 1
  }
]