[
  {
    "id": "9757ca9f-0f9b-454e-9d72-60345c07fa45",
    "data": [
      {
        "text": "quero sim",
        "userDefined": false
      }
    ],
    "isTemplate": false,
    "count": 0,
    "updated": 1518700782
  },
  {
    "id": "eaede430-874d-4efa-8949-68eb9715606e",
    "data": [
      {
        "text": "parece bom",
        "userDefined": false
      }
    ],
    "isTemplate": false,
    "count": 0,
    "updated": 1518700782
  },
  {
    "id": "38ca8d2d-73cd-48d5-a021-64bb8619fe4a",
    "data": [
      {
        "text": "vamos",
        "userDefined": false
      }
    ],
    "isTemplate": false,
    "count": 0,
    "updated": 1518700782
  },
  {
    "id": "16f60dd8-b44b-4620-aee3-ac5893e3437c",
    "data": [
      {
        "text": "ok",
        "userDefined": false
      }
    ],
    "isTemplate": false,
    "count": 0,
    "updated": 1518700782
  },
  {
    "id": "e3627993-d4fa-4c4b-8742-9b16327c5196",
    "data": [
      {
        "text": "gosto",
        "userDefined": false
      }
    ],
    "isTemplate": false,
    "count": 0,
    "updated": 1518700782
  },
  {
    "id": "9b9e98ed-cb3f-4c98-9df7-31b9475feee6",
    "data": [
      {
        "text": "quero",
        "userDefined": false
      }
    ],
    "isTemplate": false,
    "count": 0,
    "updated": 1518700782
  },
  {
    "id": "757f3d6d-2ec1-49ba-aba3-7242f3f99130",
    "data": [
      {
        "text": "sim",
        "userDefined": false
      }
    ],
    "isTemplate": false,
    "count": 0,
    "updated": 1518700782
  },
  {
    "id": "392e44d9-ceca-4ed2-8c6e-806447cf0947",
    "data": [
      {
        "text": "pode ser",
        "userDefined": false
      }
    ],
    "isTemplate": false,
    "count": 0,
    "updated": 1518700782
  }
]