[
  {
    "id": "ca059460-d673-48f9-b1e0-5df0f2038e3e",
    "data": [
      {
        "text": "escura",
        "userDefined": false
      }
    ],
    "isTemplate": false,
    "count": 0
  },
  {
    "id": "a052c472-7f7a-403e-98be-f30bdcf08fbd",
    "data": [
      {
        "text": "mais escura",
        "userDefined": false
      }
    ],
    "isTemplate": false,
    "count": 0
  },
  {
    "id": "0322a605-2ce3-4aa1-9d51-67ffa099471c",
    "data": [
      {
        "text": "mais",
        "userDefined": false
      }
    ],
    "isTemplate": false,
    "count": 0
  }
]