[
  {
    "value": "muito mais alto",
    "synonyms": [
      "teor alcoólico elevado",
      "elevado teor alcoólico",
      "bem alcoólica"
    ]
  },
  {
    "value": "muito mais baixo",
    "synonyms": [
      "teor alcoólico baixo",
      "baixo tero acoólico",
      "não muito alcoólica"
    ]
  },
  {
    "value": "mais baixo",
    "synonyms": [
      "teor alcoólico mais baixo",
      "menos alcoólica",
      "menos álcool"
    ]
  },
  {
    "value": "medio",
    "synonyms": [
      "medio",
      "tanto faz"
    ]
  },
  {
    "value": "mais alto",
    "synonyms": [
      "teor alcoólico mais alto",
      "mais alcoólica",
      "mais álcool"
    ]
  }
]