[
  {
    "value": "MUITO_MAIS_ALTO",
    "synonyms": [
      "teor alcoólico elevado",
      "elevado teor alcoólico",
      "bem alcoólica"
    ]
  },
  {
    "value": "MUITO_MAIS_BAIXO",
    "synonyms": [
      "teor alcoólico baixo",
      "baixo tero acoólico",
      "não muito alcoólica"
    ]
  },
  {
    "value": "MAIS_BAIXO",
    "synonyms": [
      "teor alcoólico mais baixo",
      "menos alcoólica",
      "menos álcool"
    ]
  },
  {
    "value": "MEDIO",
    "synonyms": [
      "medio",
      "tanto faz"
    ]
  },
  {
    "value": "MAIS_ALTO",
    "synonyms": [
      "teor alcoólico mais alto",
      "mais alcoólica",
      "mais álcool"
    ]
  }
]