[
  {
    "value": "Stout",
    "synonyms": [
      "Stout",
      "Imperial Stout",
      "Imperial Stout Britânica",
      "Imperial Stout Inglesa"
    ]
  },
  {
    "value": "IPA",
    "synonyms": [
      "IPA",
      "Indian Pale Ale"
    ]
  },
  {
    "value": "Dubbel",
    "synonyms": [
      "Dubbel"
    ]
  },
  {
    "value": "Porter",
    "synonyms": [
      "Porter"
    ]
  },
  {
    "value": "Amber Ale",
    "synonyms": [
      "Amber Ale"
    ]
  },
  {
    "value": "Fruit Beer",
    "synonyms": [
      "Fruit bier",
      "Fruit Beer"
    ]
  },
  {
    "value": "Tripel",
    "synonyms": [
      "Tripel"
    ]
  },
  {
    "value": "Red Ale",
    "synonyms": [
      "Red Ale"
    ]
  },
  {
    "value": "APA",
    "synonyms": [
      "APA",
      "American Pale Ale"
    ]
  },
  {
    "value": "Weizenbier",
    "synonyms": [
      "Weizenbier",
      "Waze bier"
    ]
  },
  {
    "value": "Bock",
    "synonyms": [
      "Bock"
    ]
  },
  {
    "value": "Pilsen",
    "synonyms": [
      "Pilsen"
    ]
  },
  {
    "value": "Summer Ale",
    "synonyms": [
      "Summer Ale"
    ]
  },
  {
    "value": "Brown Ale",
    "synonyms": [
      "Brown Ale"
    ]
  },
  {
    "value": "Dunkel",
    "synonyms": [
      "Dunkel"
    ]
  },
  {
    "value": "Saison",
    "synonyms": [
      "Saison"
    ]
  },
  {
    "value": "Witbier",
    "synonyms": [
      "Witbier",
      "Vite beer",
      "viti beer",
      "vite bier",
      "viti bier"
    ]
  },
  {
    "value": "Viena Lager",
    "synonyms": [
      "Viena Lager",
      "Vienna Lager"
    ]
  },
  {
    "value": "Golden Ale",
    "synonyms": [
      "Golden Ale",
      "Blonde Ale",
      "Blond Ale"
    ]
  },
  {
    "value": "Sour Ale",
    "synonyms": [
      "Sour Ale"
    ]
  }
]