[
  {
    "value": "Carne Assada",
    "synonyms": [
      "Carne Assada"
    ]
  },
  {
    "value": "Carne com Chili",
    "synonyms": [
      "Carne com Chili"
    ]
  },
  {
    "value": "Chouriço",
    "synonyms": [
      "Chouriço"
    ]
  },
  {
    "value": "Guacamole",
    "synonyms": [
      "Guacamole"
    ]
  },
  {
    "value": "Enchiladas",
    "synonyms": [
      "Enchiladas"
    ]
  },
  {
    "value": "Empanadas",
    "synonyms": [
      "Empanadas"
    ]
  },
  {
    "value": "Filet Mignon au poivre com batatas au gratin",
    "synonyms": [
      "Filet Mignon au poivre com batatas au gratin"
    ]
  },
  {
    "value": "Falafel",
    "synonyms": [
      "Falafel"
    ]
  },
  {
    "value": "Hamburguer",
    "synonyms": [
      "Hamburguer"
    ]
  },
  {
    "value": "Nachos",
    "synonyms": [
      "Nachos"
    ]
  },
  {
    "value": "Pato au Poivre",
    "synonyms": [
      "Pato au Poivre"
    ]
  },
  {
    "value": "Pizza Calabresa",
    "synonyms": [
      "Pizza Calabresa"
    ]
  },
  {
    "value": "Salmão",
    "synonyms": [
      "Salmão"
    ]
  },
  {
    "value": "Churrasco",
    "synonyms": [
      "Churrasco"
    ]
  },
  {
    "value": "Amêndoas Salgadas",
    "synonyms": [
      "Amêndoas Salgadas"
    ]
  },
  {
    "value": "Atum",
    "synonyms": [
      "Atum"
    ]
  },
  {
    "value": "Burritos",
    "synonyms": [
      "Burritos"
    ]
  },
  {
    "value": "Carpaccio",
    "synonyms": [
      "Carpaccio"
    ]
  },
  {
    "value": "Cuscuz",
    "synonyms": [
      "Cuscuz"
    ]
  },
  {
    "value": "Frango Assado",
    "synonyms": [
      "Frango Assado"
    ]
  },
  {
    "value": "Lula Frita",
    "synonyms": [
      "Lula Frita"
    ]
  },
  {
    "value": "Rocambole de Carne",
    "synonyms": [
      "Rocambole de Carne"
    ]
  },
  {
    "value": "Sobremesa a base de chocolate",
    "synonyms": [
      "Sobremesa a base de chocolate"
    ]
  },
  {
    "value": "Petit Gateau",
    "synonyms": [
      "Petit Gateau"
    ]
  },
  {
    "value": "Brigadeiro",
    "synonyms": [
      "Brigadeiro"
    ]
  },
  {
    "value": "Ostras",
    "synonyms": [
      "Ostras"
    ]
  },
  {
    "value": "Frango Grelhado",
    "synonyms": [
      "Frango Grelhado"
    ]
  },
  {
    "value": "Bife Grelhado",
    "synonyms": [
      "Bife Grelhado"
    ]
  },
  {
    "value": "Feijoada",
    "synonyms": [
      "Feijoada"
    ]
  },
  {
    "value": "Queijo Gorgonzola",
    "synonyms": [
      "Queijo Gorgonzola"
    ]
  },
  {
    "value": "Queijo Reblochon",
    "synonyms": [
      "Queijo Reblochon"
    ]
  },
  {
    "value": "Queijo Pont-l\u0027évêque",
    "synonyms": [
      "Queijo Pont-l\u0027évêque"
    ]
  },
  {
    "value": "Anchovas",
    "synonyms": [
      "Anchovas"
    ]
  },
  {
    "value": "Bacalhau",
    "synonyms": [
      "Bacalhau"
    ]
  },
  {
    "value": "Camarão",
    "synonyms": [
      "Camarão"
    ]
  },
  {
    "value": "Caranguejo",
    "synonyms": [
      "Caranguejo"
    ]
  },
  {
    "value": "Caviar",
    "synonyms": [
      "Caviar"
    ]
  },
  {
    "value": "Escargot",
    "synonyms": [
      "Escargot"
    ]
  },
  {
    "value": "Lagosta",
    "synonyms": [
      "Lagosta"
    ]
  },
  {
    "value": "Mexilhões",
    "synonyms": [
      "Mexilhões"
    ]
  },
  {
    "value": "Pizza Mussarela",
    "synonyms": [
      "Pizza Mussarela"
    ]
  },
  {
    "value": "Pizza Marguerita",
    "synonyms": [
      "Pizza Marguerita"
    ]
  },
  {
    "value": "Salada de Folhas Verdes",
    "synonyms": [
      "Salada de Folhas Verdes"
    ]
  },
  {
    "value": "Salame",
    "synonyms": [
      "Salame"
    ]
  },
  {
    "value": "Salmão defumado",
    "synonyms": [
      "Salmão defumado"
    ]
  },
  {
    "value": "Sardinha",
    "synonyms": [
      "Sardinha"
    ]
  },
  {
    "value": "Caldo de Piranha",
    "synonyms": [
      "Caldo de Piranha"
    ]
  },
  {
    "value": "Sopa de Legumes",
    "synonyms": [
      "Sopa de Legumes"
    ]
  },
  {
    "value": "Sopa Minestrone",
    "synonyms": [
      "Sopa Minestrone"
    ]
  },
  {
    "value": "Goulash",
    "synonyms": [
      "Goulash"
    ]
  },
  {
    "value": "Cordeiro Grelhado",
    "synonyms": [
      "Cordeiro Grelhado"
    ]
  },
  {
    "value": "Hummus",
    "synonyms": [
      "Hummus"
    ]
  },
  {
    "value": "Lentilha",
    "synonyms": [
      "Lentilha"
    ]
  },
  {
    "value": "Nozes",
    "synonyms": [
      "Nozes"
    ]
  },
  {
    "value": "Rabada",
    "synonyms": [
      "Rabada"
    ]
  },
  {
    "value": "Picanha",
    "synonyms": [
      "Picanha"
    ]
  },
  {
    "value": "Azeitonas",
    "synonyms": [
      "Azeitonas"
    ]
  },
  {
    "value": "Carne de Panela",
    "synonyms": [
      "Carne de Panela"
    ]
  },
  {
    "value": "Carne Suína Assada",
    "synonyms": [
      "Carne Suína Assada"
    ]
  },
  {
    "value": "Avestruz",
    "synonyms": [
      "Avestruz"
    ]
  },
  {
    "value": "Codorna",
    "synonyms": [
      "Codorna"
    ]
  },
  {
    "value": "Coelho",
    "synonyms": [
      "Coelho"
    ]
  },
  {
    "value": "Massa ao molho Carbonara",
    "synonyms": [
      "Massa ao molho Carbonara"
    ]
  },
  {
    "value": "Polvo",
    "synonyms": [
      "Polvo"
    ]
  },
  {
    "value": "Frutos do mar",
    "synonyms": [
      "Frutos do mar"
    ]
  },
  {
    "value": "Tamboril",
    "synonyms": [
      "Tamboril"
    ]
  },
  {
    "value": "Salada de Atum",
    "synonyms": [
      "Salada de Atum"
    ]
  },
  {
    "value": "Banana",
    "synonyms": [
      "Banana"
    ]
  },
  {
    "value": "Salada de Beterraba",
    "synonyms": [
      "Salada de Beterraba"
    ]
  },
  {
    "value": "Bolinho de Bacalhau",
    "synonyms": [
      "Bolinho de Bacalhau"
    ]
  },
  {
    "value": "Salada Ceasar",
    "synonyms": [
      "Salada Ceasar"
    ]
  },
  {
    "value": "Enguia Defumada",
    "synonyms": [
      "Enguia Defumada"
    ]
  },
  {
    "value": "Haddock Assado",
    "synonyms": [
      "Haddock Assado"
    ]
  },
  {
    "value": "Lagostin",
    "synonyms": [
      "Lagostin"
    ]
  },
  {
    "value": "Massa ao molho de Frutos do mar",
    "synonyms": [
      "Massa ao molho de Frutos do mar"
    ]
  },
  {
    "value": "Melão",
    "synonyms": [
      "Melão"
    ]
  },
  {
    "value": "Milho Cozido",
    "synonyms": [
      "Milho Cozido"
    ]
  },
  {
    "value": "Ovos com Bacon",
    "synonyms": [
      "Ovos com Bacon"
    ]
  },
  {
    "value": "Omelete ou Ovos mexidos",
    "synonyms": [
      "Omelete ou Ovos mexidos"
    ]
  },
  {
    "value": "Pato Assado",
    "synonyms": [
      "Pato Assado"
    ]
  },
  {
    "value": "Quiche de Queijo",
    "synonyms": [
      "Quiche de Queijo"
    ]
  },
  {
    "value": "Risoto de Frutos do Mar",
    "synonyms": [
      "Risoto de Frutos do Mar"
    ]
  },
  {
    "value": "Frango a Passarinho",
    "synonyms": [
      "Frango a Passarinho"
    ]
  },
  {
    "value": "Kebab de Carne",
    "synonyms": [
      "Kebab de Carne"
    ]
  },
  {
    "value": "Carnes Nobres",
    "synonyms": [
      "Carnes Nobres"
    ]
  },
  {
    "value": "Peixes com sabores intensos",
    "synonyms": [
      "Peixes com sabores intensos"
    ]
  },
  {
    "value": "Comida chinesa",
    "synonyms": [
      "Comida chinesa"
    ]
  },
  {
    "value": "Carnes de Caça",
    "synonyms": [
      "Carnes de Caça"
    ]
  },
  {
    "value": "Comida mexicana",
    "synonyms": [
      "Comida mexicana"
    ]
  },
  {
    "value": "Comida Indiana",
    "synonyms": [
      "Comida Indiana"
    ]
  },
  {
    "value": "Carneiro",
    "synonyms": [
      "Carneiro"
    ]
  },
  {
    "value": "Pato Au Poivre",
    "synonyms": [
      "Pato Au Poivre"
    ]
  },
  {
    "value": "Salsichas",
    "synonyms": [
      "Salsichas"
    ]
  },
  {
    "value": "Vitela",
    "synonyms": [
      "Vitela"
    ]
  },
  {
    "value": "Risoto de Funghi",
    "synonyms": [
      "Risoto de Funghi"
    ]
  },
  {
    "value": "Tradicional almoço brasileiro com arroz, feijão e bife",
    "synonyms": [
      "Tradicional almoço brasileiro com arroz, feijão e bife"
    ]
  },
  {
    "value": "Cheesecake",
    "synonyms": [
      "Cheesecake"
    ]
  },
  {
    "value": "Chocolate",
    "synonyms": [
      "Chocolate"
    ]
  },
  {
    "value": "Creme Bruleé",
    "synonyms": [
      "Creme Bruleé"
    ]
  },
  {
    "value": "Panna Cotta",
    "synonyms": [
      "Panna Cotta"
    ]
  },
  {
    "value": "Pato com Laranja",
    "synonyms": [
      "Pato com Laranja"
    ]
  },
  {
    "value": "Sorvete",
    "synonyms": [
      "Sorvete"
    ]
  },
  {
    "value": "Trufa de Chocolate",
    "synonyms": [
      "Trufa de Chocolate"
    ]
  },
  {
    "value": "Dourado Assado",
    "synonyms": [
      "Dourado Assado"
    ]
  },
  {
    "value": "Surubim na Brasa",
    "synonyms": [
      "Surubim na Brasa"
    ]
  }
]