[
  {
    "value": "Skol",
    "synonyms": [
      "Skol"
    ]
  },
  {
    "value": "Brahma",
    "synonyms": [
      "Brahma"
    ]
  },
  {
    "value": "Kaiser",
    "synonyms": [
      "Kaiser"
    ]
  },
  {
    "value": "Wals",
    "synonyms": [
      "Wals",
      "vals"
    ]
  },
  {
    "value": "Backer",
    "synonyms": [
      "Backer"
    ]
  },
  {
    "value": "Baden",
    "synonyms": [
      "Baden",
      "Baden Baden"
    ]
  },
  {
    "value": "Heineken",
    "synonyms": [
      "Heineken"
    ]
  },
  {
    "value": "Itaipava",
    "synonyms": [
      "Itaipava"
    ]
  },
  {
    "value": "Crystal",
    "synonyms": [
      "Crystal"
    ]
  },
  {
    "value": "Lokau",
    "synonyms": [
      "Lokau"
    ]
  },
  {
    "value": "Malte 90",
    "synonyms": [
      "Malte 90"
    ]
  },
  {
    "value": "Budweiser",
    "synonyms": [
      "Budweiser"
    ]
  },
  {
    "value": "Miller",
    "synonyms": [
      "Miller"
    ]
  },
  {
    "value": "Quilmes",
    "synonyms": [
      "Quilmes"
    ]
  },
  {
    "value": "Antártica",
    "synonyms": [
      "Antártica",
      "ANTÁRCTICA"
    ]
  },
  {
    "value": "Schin",
    "synonyms": [
      "Schin",
      "Schincariol"
    ]
  },
  {
    "value": "Bohemia",
    "synonyms": [
      "Bohemia"
    ]
  },
  {
    "value": "Devassa",
    "synonyms": [
      "Devassa"
    ]
  },
  {
    "value": "Proibida",
    "synonyms": [
      "Proibida"
    ]
  },
  {
    "value": "Bavária",
    "synonyms": [
      "Bavária"
    ]
  },
  {
    "value": "Original",
    "synonyms": [
      "Original"
    ]
  },
  {
    "value": "Eisenbahn",
    "synonyms": [
      "Eisenbahn"
    ]
  },
  {
    "value": "Colorado",
    "synonyms": [
      "Colorado"
    ]
  }
]